"sg_sistema","sg_subsistema","diagnostico","territorio","municipio_residencia","municipio_estabelecimento","estabelecimento","procedimento","quantidade","valor","cns","sexo","idade","ano","periodo","raca_cor","autorizacao","complexidade","financiamento","rubrica_faec","cep","etnia","natureza_juridica","peso","altura","carater_atendimento","gestao","desfecho","nascimento","profissional","gestante","outros_atributos"
CIH,CR,diag_princ;diag_secun,munic_mov;munic_res,munic_res,munic_mov,cnes,proc_rea,dias_perm,"","",sexo,idade,ano_cmpt,dt_inter;dt_saida;mes_cmpt,"","","","","","","",natureza,"","",car_int,gestao,"",nasc,"","",cgc_hosp;cobranca;cod_idade;espec;fonte;homonimo;morte;nacional;uti_int_to;uti_mes_to
CIHA,CIHA,diag_princ;diag_secun,munic_mov;munic_res,munic_res,munic_mov,cnes,proc_rea,dias_perm,"","",sexo,idade,ano_cmpt,dt_atend;dt_saida;mes_cmpt,"","","","","","","",natureza,"","",car_int,gestao,"",nasc,"","",cgc_consor;cgc_hosp;cobranca;cod_idade;espec;fonte;homonimo;modalidade;morte;nacional;qt_proc;uti_int_to;uti_mes_to
PCE,PCE,"",sg_uf,"","","","",qt_17;qt_1a4;qt_5a16;qt_anc;qt_asc;qt_atrat;qt_aus;qt_bgla;qt_bstr;qt_bten;qt_cap;qt_ci;qt_ev;qt_exam;qt_hn;qt_nrecol;qt_out;qt_out1;qt_pesq;qt_pop;qt_pos;qt_posbgla;qt_posbstr;qt_posbten;qt_posout;qt_pred;qt_rec;qt_se;qt_tae;qt_trat;qt_tt,"","","","","",dt_comp,"","","","","","","","","","","","","","","","",id_distr;id_loc;id_uf
PNI,CPNI,"",munic,"","","","",qt_dose,"","","","",ano,"","","","","","","","","","","","","","","","","",cobert;dose;fx_etaria;imuno;pop;uf
PNI,DPNI,"",munic,"","","","",qt_dose,"","","","",ano,anomes;mes,"","","","","","","","","","","","","","","","",aband;difer;dose;dose1;dosen;fx_etaria;imuno;uf
RESP,RESP,"",codmunnot;codmunres;id_mn_resi;ufnot,codmunres;id_mn_resi;ufres,"","","",frequencia,"","",sexo,"",ano_nasc;ano_not,dt_nasc;dt_nascmae;dt_notific;dt_obito;dt_rs;dt_sintoma;dt_tc;dt_transf;dt_ult_alt;dt_uss,racacor,"","","","","","","",peso,"","","",classifin,"","",gest_diag,cefaleia;class_feto;co_seq;compriment;conjuntiv;criterio;def_audit;def_neuro;def_visual;diamcefal;dor_artic;dor_musc;edema;etiologia;exa_torsch;exa_transf;exame_rs;exame_tc;exame_uss;exant_ges;febre_ges;gravidez;hipert_gan;hist_arbov;hist_malfo;idadeges;microcefal;neurolog;pcr_z;perimcefal;prurido;regiaonot;regiaores;resul_c;resul_h;resul_s;resul_to;resul_z;rnexa_tors;rnpcr_z;rnresul_c;rnresul_h;rnresul_s;rnresul_to;rnresul_z;rnso_igg_z;rnso_igm_z;rntr_igg_z;rntr_igm_z;so_igg_z;so_igm_z;st_obito;status_not;tp_notific;tpdeteccao;tr_igg_z;tr_igm_z
SIA,AB,ap_cidcas;ap_cidpri;ap_cidsec,ap_munpcn;ap_ufmun,ap_munpcn,ap_ufmun,"",ap_pripal,"","",ap_cnspcn,ap_sexo,ap_nuidade,ab_anoacom,ab_dtcirg2;ab_dtcirur;ab_mesacom;ap_cmp;ap_dtaut;ap_dtfim;ap_dtinic;ap_dtocor;ap_dtsolic;ap_mvm,ap_racacor,ab_numaih;ab_numaih2;ap_autoriz,"","","",ap_ceppcn,"","","","",ap_catend,"","","","","",ab_imc;ab_pontbar;ab_prcaih2;ab_prcaih3;ab_procaih;ab_tabbarr;ap_alta;ap_apacant;ap_cnpjcpf;ap_cnpjmnt;ap_codemi;ap_coduni;ap_coidade;ap_condic;ap_encerr;ap_etnia;ap_gestao;ap_mn_ind;ap_mndif;ap_motsai;ap_natjur;ap_obito;ap_perman;ap_tippre;ap_tpapac;ap_tpaten;ap_tpups;ap_transf;ap_ufdif;ap_ufnacio;ap_unisol;ap_vl_ap
SIA,ACF,ap_cidcas;ap_cidpri;ap_cidsec,ap_munpcn;ap_ufmun,ap_munpcn,ap_ufmun,"",ap_pripal,"","",ap_cnspcn,ap_sexo,ap_nuidade,"",ap_cmp;ap_dtaut;ap_dtfim;ap_dtinic;ap_dtocor;ap_dtsolic;ap_mvm,ap_racacor,ap_autoriz,"","","",ap_ceppcn,"","","","",ap_catend,"","","","","",acf_artdia;acf_duplex;acf_flebit;acf_fremit;acf_hemato;acf_prefav;acf_pulso;acf_usocat;acf_veiavi;acf_veidia;ap_alta;ap_apacant;ap_cnpjcpf;ap_cnpjmnt;ap_codemi;ap_coduni;ap_coidade;ap_condic;ap_encerr;ap_etnia;ap_gestao;ap_mn_ind;ap_mndif;ap_motsai;ap_natjur;ap_obito;ap_perman;ap_tippre;ap_tpapac;ap_tpaten;ap_tpups;ap_transf;ap_ufdif;ap_ufnacio;ap_unisol;ap_vl_ap
SIA,AD,ap_cidcas;ap_cidpri;ap_cidsec,ap_munpcn;ap_ufmun,ap_munpcn,ap_ufmun,"",ap_pripal,"","",ap_cnspcn,ap_sexo,ap_nuidade,"",ap_cmp;ap_dtaut;ap_dtfim;ap_dtinic;ap_dtocor;ap_dtsolic;ap_mvm,ap_racacor,ap_autoriz,"","","",ap_ceppcn,"","","","",ap_catend,"","","","","",ap_alta;ap_apacant;ap_cnpjcpf;ap_cnpjmnt;ap_codemi;ap_coduni;ap_coidade;ap_condic;ap_encerr;ap_etnia;ap_gestao;ap_mn_ind;ap_mndif;ap_motsai;ap_natjur;ap_obito;ap_perman;ap_tippre;ap_tpapac;ap_tpaten;ap_tpups;ap_transf;ap_ufdif;ap_ufnacio;ap_unisol;ap_vl_ap
SIA,AM,ap_cidcas;ap_cidpri;ap_cidsec,ap_munpcn;ap_ufmun,ap_munpcn,ap_ufmun,"",ap_pripal,am_qtdtran,"",ap_cnspcn,ap_sexo,ap_nuidade,"",ap_cmp;ap_dtaut;ap_dtfim;ap_dtinic;ap_dtocor;ap_dtsolic;ap_mvm,ap_racacor,ap_autoriz,"","","",ap_ceppcn,"","",am_peso,am_altura,ap_catend,"","","","","",am_gestant;am_transpl;ap_alta;ap_apacant;ap_cnpjcpf;ap_cnpjmnt;ap_codemi;ap_coduni;ap_coidade;ap_condic;ap_encerr;ap_etnia;ap_gestao;ap_mn_ind;ap_mndif;ap_motsai;ap_natjur;ap_obito;ap_perman;ap_tippre;ap_tpapac;ap_tpaten;ap_tpups;ap_transf;ap_ufdif;ap_ufnacio;ap_unisol;ap_vl_ap
SIA,AMP,ap_cidcas;ap_cidpri;ap_cidsec,ap_munpcn;ap_ufmun,ap_munpcn,ap_ufmun,"",ap_pripal,"","",ap_cnspcn,ap_sexo,ap_nuidade,"",amp_dtcli;amp_dtini;ap_cmp;ap_dtaut;ap_dtfim;ap_dtinic;ap_dtocor;ap_dtsolic;ap_mvm,ap_racacor,ap_autoriz,"","","",ap_ceppcn,"","","","",amp_caract;ap_catend,"","","","","",amp_acevas;amp_albumi;amp_fosfor;amp_hb;amp_hbsag;amp_hcv;amp_hiv;amp_interc;amp_ktvsem;amp_maisne;amp_pth;amp_seapto;amp_seperi;amp_sitini;amp_sittra;amp_tru;ap_alta;ap_apacant;ap_cnpjcpf;ap_cnpjmnt;ap_codemi;ap_coduni;ap_coidade;ap_condic;ap_encerr;ap_etnia;ap_gestao;ap_mn_ind;ap_mndif;ap_motsai;ap_natjur;ap_obito;ap_perman;ap_tippre;ap_tpapac;ap_tpaten;ap_tpups;ap_transf;ap_ufdif;ap_ufnacio;ap_unisol;ap_vl_ap
SIA,AN,ap_cidcas;ap_cidpri;ap_cidsec,ap_munpcn;ap_ufmun,ap_munpcn,ap_ufmun,"",ap_pripal,"","",ap_cnspcn,ap_sexo,ap_nuidade,"",an_dtpdr;ap_cmp;ap_dtaut;ap_dtfim;ap_dtinic;ap_dtocor;ap_dtsolic;ap_mvm,ap_racacor,ap_autoriz,"","","",ap_ceppcn,"","",an_peso,"",ap_catend,"","","","","",an_acevas;an_albumi;an_altura;an_cncdo;an_diures;an_glicos;an_hb;an_hbsag;an_hcv;an_hiv;an_intfis;an_tru;an_ulsoab;ap_alta;ap_apacant;ap_cnpjcpf;ap_cnpjmnt;ap_codemi;ap_coduni;ap_coidade;ap_condic;ap_encerr;ap_etnia;ap_gestao;ap_mn_ind;ap_mndif;ap_motsai;ap_natjur;ap_obito;ap_perman;ap_tippre;ap_tpapac;ap_tpaten;ap_tpups;ap_transf;ap_ufdif;ap_ufnacio;ap_unisol;ap_vl_ap
SIA,AQ,ap_cidcas;ap_cidpri;ap_cidsec;aq_cid10;aq_cidini1;aq_cidini2;aq_cidini3,ap_munpcn;ap_ufmun,ap_munpcn,ap_ufmun,"",ap_pripal,"","",ap_cnspcn,ap_sexo,ap_nuidade,"",ap_cmp;ap_dtaut;ap_dtfim;ap_dtinic;ap_dtocor;ap_dtsolic;ap_mvm;aq_dtiden;aq_dtini1;aq_dtini2;aq_dtini3;aq_dtintr,ap_racacor,ap_autoriz,"","","",ap_ceppcn,"","","","",ap_catend,"","","","","",ap_alta;ap_apacant;ap_cnpjcpf;ap_cnpjmnt;ap_codemi;ap_coduni;ap_coidade;ap_condic;ap_encerr;ap_etnia;ap_gestao;ap_mn_ind;ap_mndif;ap_motsai;ap_natjur;ap_obito;ap_perman;ap_tippre;ap_tpapac;ap_tpaten;ap_tpups;ap_transf;ap_ufdif;ap_ufnacio;ap_unisol;ap_vl_ap;aq_conttr;aq_esqu_p1;aq_esqu_p2;aq_estadi;aq_grahis;aq_linfin;aq_totmau;aq_totmpl;aq_trante
SIA,AR,ap_cidcas;ap_cidpri;ap_cidsec;ar_cid10;ar_cidini1;ar_cidini2;ar_cidini3;ar_cidtr1;ar_cidtr2;ar_cidtr3,ap_munpcn;ap_ufmun,ap_munpcn,ap_ufmun,"",ap_pripal,"","",ap_cnspcn,ap_sexo,ap_nuidade,"",ap_cmp;ap_dtaut;ap_dtfim;ap_dtinic;ap_dtocor;ap_dtsolic;ap_mvm;ar_dtiden;ar_dtini1;ar_dtini2;ar_dtini3;ar_dtintr,ap_racacor,ap_autoriz,"","","",ap_ceppcn,"","","","",ap_catend,"","","","","",ap_alta;ap_apacant;ap_cnpjcpf;ap_cnpjmnt;ap_codemi;ap_coduni;ap_coidade;ap_condic;ap_encerr;ap_etnia;ap_gestao;ap_mn_ind;ap_mndif;ap_motsai;ap_natjur;ap_obito;ap_perman;ap_tippre;ap_tpapac;ap_tpaten;ap_tpups;ap_transf;ap_ufdif;ap_ufnacio;ap_unisol;ap_vl_ap;ar_conttr;ar_estadi;ar_fimar1;ar_fimar2;ar_fimar3;ar_finali;ar_grahis;ar_iniar1;ar_iniar2;ar_iniar3;ar_linfin;ar_numc1;ar_numc2;ar_numc3;ar_smrd;ar_trante
SIA,ATD,ap_cidcas;ap_cidpri;ap_cidsec,ap_munpcn;ap_ufmun,ap_munpcn,ap_ufmun,"",ap_pripal,"","",ap_cnspcn,ap_sexo,ap_nuidade,"",ap_cmp;ap_dtaut;ap_dtfim;ap_dtinic;ap_dtocor;ap_dtsolic;ap_mvm;atd_dtcli;atd_dtpdr,ap_racacor,ap_autoriz,"","","",ap_ceppcn,"","","","",ap_catend;atd_caract,"","","","","",ap_alta;ap_apacant;ap_cnpjcpf;ap_cnpjmnt;ap_codemi;ap_coduni;ap_coidade;ap_condic;ap_encerr;ap_etnia;ap_gestao;ap_mn_ind;ap_mndif;ap_motsai;ap_natjur;ap_obito;ap_perman;ap_tippre;ap_tpapac;ap_tpaten;ap_tpups;ap_transf;ap_ufdif;ap_ufnacio;ap_unisol;ap_vl_ap;atd_acevas;atd_albumi;atd_fosfor;atd_hb;atd_hbsag;atd_hcv;atd_hiv;atd_interc;atd_ktvsem;atd_maisne;atd_pth;atd_seapto;atd_seperi;atd_sitini;atd_sittra;atd_tru
SIA,BI,cidpri,munpac;ufmun,munpac,ufmun,coduni,proc_id,qt_apres;qt_aprov,vl_apres;vl_aprov,cns_pac,sexopac,idadepac,"",dt_atend;dt_process;dtnasc,racacor,autoriz,complex,subfin;tpfin,subfin,"",etnia,nat_jur,"","",catend,gestao,"",dtnasc,cboprof,"",cboprof;cnpj_cc;cnpjcpf;cnpjmnt;cnsprof;condic;mn_ind;mndif;qt_apres;tippre;tpidadepac;tpups;ufdif;vl_apres
SIA,PA,pa_cidcas;pa_cidpri;pa_cidsec,pa_munat;pa_munpcn;pa_ufmun,pa_munpcn,pa_munat;pa_ufmun,pa_coduni,pa_proc_id,pa_qtdapr;pa_qtdpro,pa_valapr;pa_valpro,cnspcn;nu_cnspcn,pa_sexo,idademax;idademin;pa_idade,"",pa_cmp;pa_datref;pa_mvm,pa_racacor,pa_autoriz;pa_numapa,pa_nivcpl,pa_subfin;pa_tpfin,"","","","","","","",pa_gestao,pa_encerr,"",pa_cbocod;pa_cnsmed,"",nu_pa_tot;nu_vpa_tot;pa_alta;pa_catend;pa_cnpj_cc;pa_cnpjcpf;pa_cnpjmnt;pa_codesp;pa_codoco;pa_condic;pa_datpr;pa_dif_val;pa_docorig;pa_etnia;pa_fler;pa_flidade;pa_flqt;pa_fxetar;pa_incout;pa_incurg;pa_indica;pa_ine;pa_mn_ind;pa_mndif;pa_morfol;pa_motsai;pa_nat_jur;pa_nh;pa_obito;pa_perman;pa_rcb;pa_rcbdf;pa_regct;pa_srv_c;pa_tipate;pa_tippre;pa_tippro;pa_tpups;pa_transf;pa_ufdif;pa_vl_cf;pa_vl_cl;pa_vl_inc
SIA,PS,cidassoc;cidpri,munpac;ufmun,munpac,ufmun,cnes_esf;cnes_exec,pa_proc_id,pa_qtdapr;pa_qtdpro,"",cns_pac,sexopac,idadepac,"",dt_atend;dt_fim;dt_inicio;dt_motcob;dt_process;dtnasc,racacor,"","","","","",etnia,nat_jur,"","",catend,gestao,"",dtnasc,"","",cnpjcpf;cnpjmnt;cob_esf;condic;destinopac;fim;inicio;loc_realiz;mn_ind;mot_cob;nacion_pac;origem_pac;pa_class_s;pa_srv;permanen;qtdate;qtdpcn;sit_rua;tippre;tp_droga;tpidadepac;tpups
SIA,SAD,cidassoc;cidpri;pa_cid,munpac;ufmun,munpac,ufmun,cnes_esf;cnes_exec,pa_proc_id,pa_qtdapr;pa_qtdpro,"",cns_pac,sexopac,idadepac,"",dt_atend;dt_fim;dt_inicio;dt_motcob;dt_process;dtnasc,racacor,"","","","","",etnia,nat_jur,"","",catend,gestao,"",dtnasc,"","",cnpjcpf;cnpjmnt;co_ine;cob_esf;condic;destinopac;fim;inicio;mn_ind;mot_cob;nacion_pac;origem_pac;pa_class_s;pa_equipe;pa_srv;pa_tp_eqp;permanen;qtdate;qtdpcn;tpidadepac;tpups
SIH,CH,"",munic_loc,"","",cnes,"","","","","","","",cmpt,"","","","","","","","","","","","","","","","",cgc_hosp;cnpj_mant;nomefant;razao
SIH,CM,"","","","","","","","","","","","",compet,"","","","","","","","","","","","","","","","",cnpj_mant;razao
SIH,ER,"",mun_mov;mun_res,mun_res,"",cnes,"","",uf_zi,"","","",ano,dt_inter;dt_saida;mes,"",aih,"","","","","","","","","","","","","","",co_erro;remessa;sequencia;uf_res
SIH,RD,cid_asso;cid_morte;cid_notif;diag_princ;diag_sec;diag_secun;diagsec1;diagsec2;diagsec3;diagsec4;diagsec5;diagsec6;diagsec7;diagsec8;diagsec9,munic_mov;munic_res,munic_res,munic_mov,cnes,proc_rea;proc_solic,dias_perm;qt_diarias,uf_zi;us_ortp;us_rn;us_sadt;us_sangue;us_sh;us_sp;us_tot;val_acomp;val_obsang;val_ortp;val_ped1ac;val_rn;val_sadt;val_sadtsr;val_sang;val_sangue;val_sh;val_sh_fed;val_sh_ges;val_sp;val_sp_fed;val_sp_ges;val_tot;val_transp;val_uci;val_uti,"",sexo,idade,ano_cmpt,dt_inter;dt_saida;gestor_dt;mes_cmpt,raca_cor,n_aih,complex,financ,faec_tp;rubrica,cep,etnia,nat_jur;natureza,"","",car_int,gestao,"",nasc,"","",aud_just;cbor;cgc_hosp;cgc_mant;cnaer;cnpj_mant;cobranca;cod_arq;cod_idade;cod_seg;cont;contracep1;contracep2;cpf_aut;diar_acom;espec;gestor_cod;gestor_cpf;gestor_tp;gestrisco;homonimo;ident;ind_vdrl;infehosp;insc_pn;instru;marca_uci;marca_uti;morte;nacional;num_filhos;num_proc;regct;remessa;semiplen;seq_aih5;sequencia;sis_just;tot_pt_sp;tpdisec1;tpdisec2;tpdisec3;tpdisec4;tpdisec5;tpdisec6;tpdisec7;tpdisec8;tpdisec9;uti_int_al;uti_int_an;uti_int_in;uti_int_to;uti_mes_al;uti_mes_an;uti_mes_in;uti_mes_to;uti_total;vincprev
SIH,RJ,cid_asso;cid_morte;cid_notif;diag_princ;diag_secun,munic_mov;munic_res,munic_res,munic_mov,cnes,proc_rea;proc_solic,dias_perm;qt_diarias,uf_zi;us_tot;val_acomp;val_obsang;val_ortp;val_ped1ac;val_rn;val_sadt;val_sadtsr;val_sangue;val_sh;val_sp;val_tot;val_transp;val_uti,"",sexo,idade,ano_cmpt,dt_inter;dt_saida;gestor_dt;mes_cmpt,raca_cor,n_aih,complex,financ,faec_tp;rubrica,cep,etnia,nat_jur;natureza,"","",car_int,gestao,"",nasc,"","",cbor;cgc_hosp;cnaer;cnpj_mant;cobranca;cod_idade;contracep1;contracep2;cpf_aut;diar_acom;espec;gestor_cod;gestor_cpf;gestor_tp;gestrisco;homonimo;ident;ind_vdrl;infehosp;insc_pn;instru;marca_uti;morte;nacional;num_filhos;num_proc;regct;remessa;seq_aih5;sequencia;st_bloq;st_mot_blo;st_situac;tot_pt_sp;uti_int_al;uti_int_an;uti_int_in;uti_int_to;uti_mes_al;uti_mes_an;uti_mes_in;uti_mes_to;vincprev
SIH,SP,sp_cidpri;sp_cidsec,sp_m_hosp;sp_m_pac,sp_m_pac,sp_m_hosp,sp_cnes,sp_atoprof;sp_procrea,sp_qtd_ato,"","","","","",sp_dtinter;sp_dtsaida,"",sp_naih;sp_u_aih,sp_complex,sp_financ,sp_co_faec,"","","","","","","","","","","",in_tp_val;remessa;sequencia;serv_cla;sp_aa;sp_cgchosp;sp_cpfcgc;sp_des_hos;sp_des_pac;sp_gestor;sp_mm;sp_nf;sp_num_pr;sp_pf_cbo;sp_pf_doc;sp_pj_doc;sp_ptsp;sp_ptsp_nf;sp_qt_proc;sp_tipo;sp_tp_ato;sp_uf;sp_valato
SIM,DO,atestado;causabas;causabas_o;causamat;linhab;linhac;linhad;linhaii,codmuncart;codmunnatu;codmunocor;codmunres,codmunres,codmunocor,codestab,"","","","",sexo,idade,"",dtatestado;dtcadastro;dtcadinf;dtcadinv;dtconcaso;dtconinv;dtinvestig;dtnasc;dtobito;dtrecebim;dtrecorig;dtrecoriga;dtregcart,racacor,"","","","","","","",peso,"","","","",dtnasc,"",gestacao;semagestac,acidtrab;altcausa;assistmed;atestante;cb_pre;circobito;cirurgia;codbaiocor;codbaires;codcart;codificado;comunsvoim;contador;crm;difdata;esc;esc2010;escfalagr1;escmae;escmae2010;escmaeagr1;estabdescr;estciv;exame;expdifdata;fonte;fonteinv;fontes;fontesinf;gravidez;horaobito;idademae;linhaa;lococor;morteparto;natural;necropsia;nudiasinf;nudiasobco;nudiasobin;numerodn;numerolote;numregcart;obitograv;obitoparto;obitopuerp;ocup;ocupmae;origem;parto;qtdfilmort;qtdfilvivo;seriescfal;seriescmae;stcodifica;stdoepidem;stdonova;tipobito;tpassina;tpmorteoco;tpnivelinv;tpobitocor;tppos;tpresginfo;ufinform;versaoscb;versaosist
SIM,DOE,atestado;causabas;causabas_o;causamat;linhab;linhac;linhad;linhaii,codmuncart;codmunnatu;codmunocor;codmunres,codmunres,codmunocor,codestab,"","","","",sexo,idade,"",dtatestado;dtcadastro;dtcadinf;dtcadinv;dtconcaso;dtconinv;dtinvestig;dtnasc;dtobito;dtrecebim;dtrecorig;dtrecoriga;dtregcart,racacor,"","","","","","","",peso,"","","","",dtnasc,"",gestacao;semagestac,acidtrab;altcausa;assistmed;atestante;cb_pre;circobito;cirurgia;codbaiocor;codbaires;codcart;codificado;comunsvoim;contador;crm;difdata;esc;esc2010;escfalagr1;escmae;escmae2010;escmaeagr1;estabdescr;estciv;exame;expdifdata;fonte;fonteinv;fontes;fontesinf;gravidez;horaobito;idademae;linhaa;lococor;morteparto;natural;necropsia;nudiasinf;nudiasobco;nudiasobin;numerolote;numregcart;obitograv;obitoparto;obitopuerp;ocup;ocupmae;origem;parto;qtdfilmort;qtdfilvivo;seriescfal;seriescmae;stcodifica;stdoepidem;stdonova;tipobito;tpassina;tpmorteoco;tpnivelinv;tpobitocor;tppos;tpresginfo;ufinform;versaoscb;versaosist
SIM,DOF,atestado;causabas;causabas_o;causamat;linhab;linhac;linhad;linhaii,codmuncart;codmunnatu;codmunocor;codmunres,codmunres,codmunocor,codestab,"","","","",sexo,idade,"",dtatestado;dtcadastro;dtcadinf;dtcadinv;dtconcaso;dtconinv;dtinvestig;dtnasc;dtobito;dtrecebim;dtrecorig;dtrecoriga;dtregcart,racacor,"","","","","",etnia,"",peso;pesonasc,"","","","",dtnasc,"",gestacao;semagestac,acidtrab;altcausa;areares;assistmed;atestante;baires;cb_pre;circobito;cirurgia;codbaiocor;codbaires;codcart;codificado;codigo;comunsvoim;contador;critica;crm;crsocor;crsres;difdata;esc;esc2010;escfalagr1;escmae;escmae2010;escmaeagr1;estabdescr;estciv;exame;filhmort;filhvivos;fonte;fonteinv;fontes;fontesinf;fontinfo;gravidez;horaobito;idademae;instrmae;instrpai;instrucao;linhaa;linhaa_o;linhab_o;linhac_o;linhad_o;linhaii_o;locacid;lococor;medico;morteparto;natural;necropsia;nudiasinf;nudiasobco;nudiasobin;numerolote;numexport;numregcart;obitograv;obitoparto;obitopuerp;ocup;ocupacao;ocupmae;ocuppai;origem;parto;qtdfilmort;qtdfilvivo;semangest;seriescfal;seriescmae;stcodifica;stdoepidem;stdonova;tipoacid;tipobito;tipograv;tipoparto;tipoviol;tpassina;tpmorteoco;tpnivelinv;tpobitocor;tppos;tpresginfo;ufinform;versaoscb;versaosist
SIM,DOI,atestado;causabas;causabas_o;causamat;linhab;linhac;linhad;linhaii,codmuncart;codmunnatu;codmunocor;codmunres,codmunres,codmunocor,codestab,"","","","",sexo,idade,"",dtatestado;dtcadastro;dtcadinf;dtcadinv;dtconcaso;dtconinv;dtinvestig;dtnasc;dtobito;dtrecebim;dtrecorig;dtrecoriga;dtregcart,racacor,"","","","","","","",peso,"","","","",dtnasc,"",gestacao;semagestac,acidtrab;altcausa;assistmed;atestante;cb_pre;circobito;cirurgia;codbaiocor;codbaires;codcart;codificado;comunsvoim;contador;crm;difdata;esc;esc2010;escfalagr1;escmae;escmae2010;escmaeagr1;estabdescr;estciv;exame;expdifdata;fonte;fonteinv;fontes;fontesinf;gravidez;horaobito;idademae;linhaa;lococor;morteparto;natural;necropsia;nudiasinf;nudiasobco;nudiasobin;numerolote;numregcart;obitograv;obitoparto;obitopuerp;ocup;ocupmae;origem;parto;qtdfilmort;qtdfilvivo;seriescfal;seriescmae;stcodifica;stdoepidem;stdonova;tipobito;tpassina;tpmorteoco;tpnivelinv;tpobitocor;tppos;tpresginfo;ufinform;versaoscb;versaosist
SIM,DOM,atestado;causabas;causabas_o;causamat;linhab;linhac;linhad;linhaii,codmuncart;codmunnatu;codmunocor;codmunres,codmunres,codmunocor,codestab,"","","","",sexo,idade,"",dtatestado;dtcadastro;dtcadinf;dtcadinv;dtconcaso;dtconinv;dtinvestig;dtnasc;dtobito;dtrecebim;dtrecorig;dtrecoriga;dtregcart,racacor,"","","","","","","",peso,"","","","",dtnasc,"",gestacao;semagestac,acidtrab;altcausa;assistmed;atestante;cb_pre;circobito;cirurgia;codbaiocor;codbaires;codcart;codificado;comunsvoim;contador;crm;difdata;esc;esc2010;escfalagr1;escmae;escmae2010;escmaeagr1;estabdescr;estciv;exame;expdifdata;fonte;fonteinv;fontes;fontesinf;gravidez;horaobito;idademae;linhaa;lococor;morteparto;natural;necropsia;nudiasinf;nudiasobco;nudiasobin;numerolote;numregcart;obitograv;obitoparto;obitopuerp;ocup;ocupmae;origem;parto;qtdfilmort;qtdfilvivo;seriescfal;seriescmae;stcodifica;stdoepidem;stdonova;tipobito;tpassina;tpmorteoco;tpnivelinv;tpobitocor;tppos;tpresginfo;ufinform;versaoscb;versaosist
SIM,DORE,atestado;causabas;causabas_o;causamat;linhab;linhac;linhad;linhaii,codmunnatu;codmunocor;codmunres,codmunres,codmunocor,codestab,"","","","",sexo,idade,"",dtatestado;dtcadastro;dtcadinf;dtcadinv;dtconcaso;dtconinv;dtinvestig;dtnasc;dtobito;dtrecebim;dtrecoriga,racacor,"","","","","","","",peso,"","","","",dtnasc,"",gestacao;semagestac,acidtrab;altcausa;assistmed;atestante;cb_pre;circobito;cirurgia;codificado;codpaisres;comunsvoim;contador;difdata;esc;esc2010;escfalagr1;escmae;escmae2010;escmaeagr1;estabdescr;estciv;exame;fonte;fonteinv;fontes;fontesinf;gravidez;horaobito;idademae;linhaa;lococor;morteparto;natural;necropsia;nudiasinf;nudiasobco;numerolote;obitograv;obitoparto;obitopuerp;ocup;ocupmae;origem;parto;qtdfilmort;qtdfilvivo;seriescfal;seriescmae;stcodifica;stdoepidem;stdonova;tipobito;tpmorteoco;tpnivelinv;tpobitocor;tppos;tpresginfo;versaoscb;versaosist
SINANFINAIS,ACBI,id_agravo,id_mn_resi;id_municip;mun_emp;sg_uf,id_mn_resi,id_municip,"","","","","",cs_sexo,nu_idade_n,ano_nasc;nu_ano,dt_acid;dt_notific;dt_obito,cs_raca,"","","","","","","","","","","","","","",cs_gestant,agente;anti_hbs;anti_hcv;anti_hiv;avental;azt3tc;azt3tc_ind;azt3tc_nfv;bota;cat;cnae;cs_escol_n;evo_outr;evolucao;facial;fo_ant_hbc;fo_ant_hcv;fo_ant_hiv;fo_hbsag;fonte;hbsag;id_ocupa_n;id_pais;id_regiona;id_rg_resi;id_unidade;imu_hep_b;luva;mascara;mat_org;mat_org_de;mucosa;nutempo;oculos;out_arv_es;out_exp_de;outro_arv;outro_exp;pele_integ;pele_nao_i;percutanea;recusa_qui;sem_acid;sem_not;sem_quimio;sg_uf_not;sit_trab;terceiriza;tipo_acid;tp_not;tptempo;uf_emp;vac_hep_b;vacina
SINANFINAIS,ACGR,cid_acid;cid_lesao;id_agravo,id_mn_resi;id_municip;mun_acid;mun_atende;mun_emp;sg_uf,id_mn_resi,id_municip,"","","","","",cs_sexo,nu_idade_n,ano_nasc;nu_ano,dt_acid;dt_atende;dt_notific;dt_obito,cs_raca,"","","","","","","","","","","","","","",cs_gestant,atende_med;cat;cnae;cnae_prin;cs_escol_n;evolucao;hora_acid;hora_jor;id_ocupa_n;id_pais;id_regiona;id_rg_resi;id_unidade;local_acid;mais_trab;min_acid;min_jor;nu_trab;nutempo;part_corp1;part_corp2;part_corp3;regime;sem_acid;sem_not;sg_uf_not;sit_trab;terceiriza;tipo_acid;tp_not;tptempo;uf_acid;uf_atende;uf_emp;uni_atende
SINANFINAIS,ANTR,id_agravo,id_mn_resi;id_municip;sg_uf,id_mn_resi,id_municip,"","","","","",cs_sexo,nu_idade_n,ano_nasc;nu_ano,dt_digita;dt_dose_1;dt_dose_2;dt_dose_3;dt_dose_4;dt_dose_5;dt_encerra;dt_notific;dt_sin_pri;dt_transdm;dt_transrm;dt_transrs;dt_transse;dt_transsm;dt_transus;dt_vac_1;dt_vac_2;dt_vac_3;dt_vac_4;dt_vac_5;dt_vencim,cs_raca,"","","","","","","",tra_peso,"","","","","","",cs_gestant,animal;ant_arranh;ant_cabeca;ant_contat;ant_dilace;ant_dt_exp;ant_lambed;ant_maos;ant_memb_1;ant_membro;ant_morded;ant_mucosa;ant_outro;ant_profun;ant_superf;ant_tronco;busca_ativ;condic_ani;cs_escol_n;doses;ferimento;fim_animal;herbiv_des;id_cns_sus;id_ocupa_n;id_pais;id_regiona;id_rg_resi;id_unidade;lab_sor_de;lab_soro;lab_vac_de;lab_vacina;lote_vac;nu_lote_h;nu_lote_v;observacao;outro_des;pos_expos;pre_expos;reacao_sor;reacao_vac;sem_not;sem_pri;sg_uf_not;tip_soro;tp_not;tra_antigo;tra_indi_n;tra_infi_1;tra_infilt;tra_interr;tra_motivo;tra_num_pa;tra_qtd_so;trat_atual
SINANFINAIS,BOTU,id_agravo,id_mn_resi;id_municip;mun_hosp;sg_uf,id_mn_resi,id_municip,"","","","","",cs_sexo,nu_idade_n,ano_nasc;nu_ano,dt_ali1col;dt_ali2col;dt_colout;dt_digita;dt_encerra;dt_invest;dt_liquor;dt_nasc;dt_notific;dt_obito;dt_sin_pri;dt_transdm;dt_transrs;dt_transse;dt_transsm;dt_transus;dt_trnasrm;dtalta;dtatend;dteletro;dtfezescol;dtinterna;dtsoro;dtsorocol;dtsuspeic,cs_raca,"","","","","","","","","","","",classi_fin,"","",cs_gestant,agente_out;criterio;cs_escol_n;doenca_tra;ds_ali1;ds_ali1out;ds_ali2;ds_ali2out;ds_fim_ges;ds_indus;ds_ingest;ds_ini_ges;ds_local1;ds_local2;ds_outr_lo;ds_outro;ds_outrosi;ds_pares;ds_trat;dsalimento;dscausalim;evolucao;id_ocupa_n;id_pais;id_regiona;id_rg_resi;id_unidade;mun_ing;nu_celula;nu_lote_h;nu_lote_v;nu_protei;nuatend;nuconsome;resalim1;resalimout;sem_not;sem_pri;sg_uf_not;st_ali1col;st_ali2col;st_ali2res;stalimento;stantibio;stantibotu;stboca;stbromato;stbulbar;stcardiaca;stcaseira;stcefaleia;stclinica;stcoma;stcomercio;stconstipa;stdescende;stdiarreia;stdiplopia;stdisartri;stdisfagia;stdisfonia;stdispneia;stdomicili;steletro;stescola;stexpalim;stfacial;stfebre;stferiment;stfesta;stfezesmat;stfezesres;stflacidez;sthospital;stmeminf;stmemsup;stmidriase;stnausea;stoftalmo;stoutroloc;stoutrosin;stoutrotra;stparestes;stptose;strespira;strestaura;stsensivel;stsimetric;stsoro;stsoromat;stsorores;sttontura;sttrabalho;stventila;stvisao;stvomito;tp_ali1tox;tp_ali2to;tp_colout;tp_liquor;tp_motora;tp_not;tp_repete;tp_sensiti;tp_toxoutr;tpbotulism;tpbromato;tpclinica;tpfezestox;tpneuro;tpsorotox;uf_hosp;uf_ing
SINANFINAIS,CANC,diag_esp;id_agravo,id_mn_resi;id_municip;mun_emp;sg_uf,id_mn_resi,id_municip,"","","","","",cs_sexo,nu_idade_n,ano_nasc;nu_ano,dt_diag;dt_digita;dt_notific;dt_obito;dt_transdm;dt_transrs;dt_transse;dt_transsm;dt_transus;dt_trnasrm,cs_raca,"","","","","","","","","","","","","","",cs_gestant,alcatrao;amina;asbesto;benzeno;berilio;cadmio;cat;cnae;cromo;cs_escol_n;evolucao;fuma;hidrocarbo;hormonio;id_ocupa_n;id_pais;id_regiona;id_rg_resi;id_unidade;ionizantes;nao_ioniza;neoplasico;niquel;nu_lote_h;nu_lote_v;nutempo;nutemporis;oleos;out_exp_de;outro_exp;regime;sem_diag;sem_not;sg_uf_not;silica;sit_trab;tempo_fuma;terceiriza;tp_not;tp_temp_fu;tptempo;tptemporis;trab_doe;uf_emp
SINANFINAIS,CHAG,id_agravo;xenodiag,comuninf;coufinf;id_mn_resi;id_municip;mun_1;mun_2;mun_3;sg_uf,id_mn_resi,id_municip,"","","","","",cs_sexo,nu_idade_n,ano_nasc;nu_ano,dt_col_dir;dt_col_ind;dt_col_s1;dt_col_s2;dt_digita;dt_encerra;dt_invest;dt_notific;dt_obito;dt_sin_pri;dt_transdm;dt_transrm;dt_transrs;dt_transse;dt_transsm;dt_transus,cs_raca,"","","","","","","","","","","",classi_fin,"","",cs_gestant,afirmativo;anorexia;ant_dt_inv;ant_uf_1;ant_uf_2;ant_uf_3;arritmias;assintoma;astenia;aumento;biosseg;cefaleia;chagoma;con_classi;con_criter;con_doenca;con_dt_enc;con_dt_obi;con_evoluc;con_inf_mu;con_inf_ou;con_inf_pa;con_inf_uf;con_infecc;con_local;con_outra;con_provav;con_triat;confirmad;controle;copaisinf;criterio;cs_escol_n;cs_escolar;doenca_tra;dosagem;droga;duracao;ecg;ecg_result;edema;eli_igg_s1;eli_igg_s2;eli_igm_s1;eli_igm_s2;elisa;especifico;esplenom;evolucao;exame;febre;fiscaliza;ganglios;hem_igg_s1;hem_igg_s2;hem_igm_s1;hem_igm_s2;hemo;hemocult;hepaesple;hepatome;hiporexia;historia;id_dg_not;id_ev_not;id_ocupa_n;id_pais;id_regiona;id_rg_resi;id_unidade;implanta;imu_igg_s1;imu_igg_s2;imu_igm_s1;imu_igm_s2;imuno;in_vincula;inespecif;maechaga;manipula;med_contr;med_outro;meningoe;micro_hema;nduplic;nduplic_n;nu_idade;nu_lote_h;nu_lote_v;ocupacao;oral;outro;outro_des;outro_esp;outro_sin;parasito;poliadeno;presenca;quantos;rai_result;raiox;recemnasc;res_hist;resul_his;sem_not;sem_pri;sg_uf_not;sinais;sinais_icc;sintomatic;suspeitos;tempo;tit_igg_s1;tit_igg_s2;tit_igm_s1;tit_igm_s2;tp_not;tpautocto
SINANFINAIS,CHIK,id_agravo,comuninf;coufinf;id_mn_resi;id_municip;municipio;sg_uf,id_mn_resi,id_municip,"","","","","",cs_sexo,nu_idade_n,nu_ano,dt_alrm;dt_chik_s1;dt_chik_s2;dt_encerra;dt_grav;dt_interna;dt_invest;dt_notific;dt_ns1;dt_obito;dt_pcr;dt_prnt;dt_sin_pri;dt_soro;dt_viral,cs_raca,"","","","","","","","","","","",classi_fin,"","",cs_gestant,acido_pept;alrm_abdom;alrm_hemat;alrm_hepat;alrm_hipot;alrm_letar;alrm_liq;alrm_plaq;alrm_sang;alrm_vom;artralgia;artrite;auto_imune;cefaleia;clinc_chik;complica;con_fhd;conjuntvit;copaisinf;criterio;cs_escol_n;cs_flxret;cs_suspeit;diabetes;doenca_tra;dor_costas;dor_retro;epistaxe;evidencia;evolucao;exantema;febre;flxrecebi;gengivo;grav_ast;grav_consc;grav_conv;grav_ench;grav_extre;grav_hemat;grav_hipot;grav_insuf;grav_melen;grav_metro;grav_mioc;grav_orgao;grav_pulso;grav_sang;grav_taqui;hematolog;hematura;hepatopat;hipertensa;histopa_n;hospitaliz;id_ocupa_n;id_pais;id_regiona;id_rg_resi;id_unidade;imunoh_n;in_vincula;laco;laco_n;leucopenia;mani_hemor;metro;mialgia;nausea;nduplic_n;petequia_n;petequias;plaq_menor;plasmatico;renal;res_chiks1;res_chiks2;resul_ns1;resul_pcr;resul_prnt;resul_soro;resul_vi_n;sangram;sem_not;sem_pri;sg_uf_not;sorotipo;tp_not;tp_sistema;tpautocto;tpuninot;uf;vomito
SINANFINAIS,COLE,id_agravo,comuninf;coufinf;id_mn_resi;id_municip;mun_des1;mun_des2;mun_des3;sg_uf,id_mn_resi,id_municip,"","","","","",cs_sexo,nu_idade_n,nu_ano,dt_atendim;dt_coleta;dt_desc1;dt_desc2;dt_desc3;dt_digita;dt_encerra;dt_interna;dt_invest;dt_nasc;dt_notific;dt_obito;dt_sin_pri,cs_raca,"","","","","","","","","","","",classi_fin,"","",cs_gestant,antib_des;co_uf_des1;co_uf_des2;co_uf_des3;codisinf;copaisinf;criterio;cs_antib;cs_antib_t;cs_assinto;cs_caimbra;cs_choque;cs_desit;cs_diarre;cs_dor;cs_escol_n;cs_febre;cs_frequen;cs_materia;cs_muco;cs_neg_esp;cs_positiv;cs_reidrat;cs_resulta;cs_sangue;cs_tipo;cs_vomito;cs_vomitos;doenca_tra;ds_trans1;ds_trans2;ds_trans3;evolucao;fc_cont_de;fc_contato;id_ocupa_n;id_pais;id_regiona;id_rg_resi;nm_antibio;nm_munic_h;out_vincul;pa_des1;pa_des2;pa_des3;sem_not;sem_pri;sg_uf_not;tip_diarre;tp_not;tpautocto;uf_hospita;vinculo
SINANFINAIS,COQU,id_agravo,cod_mun_ho;id_mn_resi;id_municip;sg_uf,id_mn_resi,id_municip,"","","","","",cs_sexo,nu_idade_n,ano_nasc;nu_ano,dt_adm_ant;dt_catarra;dt_coleta;dt_digita;dt_encerra;dt_interna;dt_invest;dt_notific;dt_obito;dt_sin_pri;dt_transdm;dt_transrm;dt_transrs;dt_transse;dt_transsm;dt_transus;dt_ult_dos,cs_raca,"","","","","","","","","","","",classi_fin,"","",cs_gestant,ant_sentin;cod_uf_hos;colet_comu;criterio;cs_antibio;cs_apneia;cs_cianose;cs_coleta;cs_crise;cs_cultura;cs_desitra;cs_desnutr;cs_encefal;cs_escol_n;cs_flxret;cs_hospita;cs_otite;cs_out_com;cs_out_sin;cs_pneumon;cs_temp37;cs_temp_38;cs_tosse_e;cs_tosse_p;cs_vac_n;cs_vomitos;doenca_tra;evolucao;fc_contato;flxrecebi;id_ocupa_n;id_pais;id_regiona;id_rg_resi;id_unidade;med_bloque;med_caso_s;med_iden_c;med_quan_c;migrado_w;nduplic_n;nm_out_com;nm_out_sin;nu_lote_h;nu_lote_i;nu_lote_v;out_contat;quan_comun;quan_posit;sem_not;sem_pri;sg_uf_not;tp_not
SINANFINAIS,DCRJ,id_agravo,comuninf;coufinf;id_mn_resi;id_municip;sg_uf,id_mn_resi,id_municip,"","","","","",cs_sexo,nu_idade_n,ano_nasc;nu_ano,dt_digita;dt_encerra;dt_invest;dt_notific;dt_obito;dt_sin_pri,cs_raca,"","","","","","","","","","","",classi_fin,"","",cs_gestant,copaisinf;criterio;cs_escol_n;doenca_tra;evolucao;id_ocupa_n;id_pais;id_regiona;id_rg_resi;id_unidade;in_vincula;nduplic_n;sem_not;sem_pri;sg_uf_not;tp_not;tp_sistema;tpautocto;tpuninot
SINANFINAIS,DENG,id_agravo,comuninf;coufinf;id_mn_resi;id_municip;municipio;sg_uf,id_mn_resi,id_municip,"","","","","",cs_sexo,nu_idade_n,ano;nu_ano,dt_alrm;dt_chik_s1;dt_chik_s2;dt_choque;dt_col_he2;dt_col_hem;dt_col_pl2;dt_col_plq;dt_digita;dt_dose;dt_encerra;dt_febre;dt_grav;dt_interna;dt_invest;dt_nasc;dt_notific;dt_ns1;dt_obito;dt_pcr;dt_prnt;dt_sin_pri;dt_soro;dt_soro1;dt_soro2;dt_soror1;dt_soror2;dt_viral,cs_raca,"","","","","","","","","","","",classi_fin,"","",cs_gestant,abdominal;acido_pept;alrm_abdom;alrm_hemat;alrm_hepat;alrm_hipot;alrm_letar;alrm_liq;alrm_plaq;alrm_sang;alrm_vom;amos_out;amos_pcr;ant_dt_inv;artralgia;artrite;ascite;auto_imune;cefaleia;choque;clinc_chik;complica;con_classi;con_criter;con_doenca;con_dt_enc;con_dt_obi;con_evoluc;con_fhd;con_inf_mu;con_inf_pa;con_inf_uf;conjuntvit;copaisinf;criterio;cs_escol_n;cs_escolar;cs_flxret;dengue;diabetes;diarreia;doenca_tra;dor;dor_costas;dor_retro;duracao;epistaxe;evidencia;evolucao;exantema;febre;flxrecebi;gengivo;grav_ast;grav_consc;grav_conv;grav_ench;grav_extre;grav_hemat;grav_hipot;grav_insuf;grav_melen;grav_metro;grav_mioc;grav_orgao;grav_pulso;grav_sang;grav_taqui;hema_maior;hema_menor;hematolog;hematura;hepato;hepatopat;hipertensa;hipotensao;histopa;histopa_n;hospitaliz;id_dg_not;id_ev_not;id_ocupa_n;id_pais;id_regiona;id_rg_resi;id_unidade;imunoh;imunoh_n;in_aids;in_vincula;insuficien;laco;laco_n;leucopenia;mani_hemor;manifesta;material;metro;mialgia;migrado_w;miocardi;nausea;nauseas;nduplic;nduplic_n;nu_idade;ocupacao;outro_s;outro_s_d;outros;outros_m;outros_m_d;palq_maior;pericardi;petequia_n;petequias;plaq_menor;plasmatico;pleural;prostacao;renal;res_chiks1;res_chiks2;resul_ns1;resul_out;resul_pcr;resul_prnt;resul_soro;resul_vi_n;resul_vira;s1_igg;s1_igm;s1_tit1;s2_igg;s2_igm;s2_tit1;sangram;sem_not;sem_pri;sg_uf_not;sin_out;soro1;soro2;sorotipo;tecidos;tecnica;tp_not;tp_sistema;tpautocto;uf;vacinado;vomito
SINANFINAIS,DERM,diag_esp;id_agravo,id_mn_resi;id_municip;mun_emp;sg_uf,id_mn_resi,id_municip,"","","","","",cs_sexo,nu_idade_n,ano_nasc;nu_ano,dt_diag;dt_nasc;dt_notific;dt_obito,cs_raca,"","","","","","","","","","","","","","",cs_gestant,afast_risc;afast_trab;afastament;agente;agente_des;agravo_des;asma;cat;cnae;coletiva;condut_des;conduta;cs_escol_n;diabetes;epicuta;evol_afast;evolucao;hanseniase;hiperten;id_ocupa_n;id_pais;id_regiona;id_rg_resi;id_unidade;individual;lesao;lesao_des;mental;muda_trab;nenhum;nu_afast;nu_lote_i;nutempo;nutemporis;out_agravo;regime;sem_diag;sem_not;sg_uf_not;sit_trab;terceiriza;tp_afast;tp_not;tptempo;tptemporis;trab_doe;tube;uf_emp
SINANFINAIS,DIFT,id_agravo,ate_munici;id_mn_resi;id_municip;sg_uf,id_mn_resi,id_municip,"","","","","",cs_sexo,nu_idade_n,ano_nasc;nu_ano,dt_digita;dt_encerra;dt_invest;dt_notific;dt_obito;dt_sin_pri;dt_transdm;dt_transrm;dt_transrs;dt_transse;dt_transsm;dt_transus,cs_raca,"","","","","","","","","","","",classi_fin,"","",cs_gestant,ant_dos_n;ant_outros;ant_tipoco;ant_ulti_d;ate_hospit;ate_intern;ate_uf_int;cli_amigda;cli_arritm;cli_cavida;cli_condut;cli_conjun;cli_cordao;cli_edemag;cli_especi;cli_faring;cli_febre;cli_laring;cli_miocar;cli_nefrit;cli_orgaos;cli_outras;cli_palato;cli_palide;cli_paralb;cli_paralm;cli_paralp;cli_pele;cli_pescoc;cli_prostr;cli_pseudo;cli_temper;cli_traque;criterio;cs_escol_n;cs_flxret;doenca_tra;evolucao;flxrecebi;id_ocupa_n;id_pais;id_regiona;id_rg_resi;id_unidade;lab_cultur;lab_data_c;lab_mate_n;lab_provas;med_caso_s;med_iden_c;med_materi;med_preven;med_quan_c;med_quan_m;med_quan_p;migrado_w;nduplic_n;nu_lote_h;nu_lote_i;nu_lote_v;sem_not;sem_pri;sg_uf_not;tp_not;tra_antibi;tra_data_a;tra_data_s
SINANFINAIS,ESPO,"",id_municip,"",id_municip,"","","","","","","",nu_ano,dt_digita;dt_ini_epi;dt_notific,"","","","","","","","","","","","","","","","",c_d;c_m;ds_out_amb;especie;g_d;g_m;id_notific;sem_not;sem_pri;sg_uf_not;tp_amb_oco;tp_zn_oco
SINANFINAIS,ESQU,id_agravo,comuninf;coufinf;id_mn_resi;id_municip;sg_uf,id_mn_resi,id_municip,"","","","","",cs_sexo,nu_idade_n,ano_nasc;nu_ano,dt_copro;dt_digita;dt_encerra;dt_invest;dt_notific;dt_obito;dt_resu3;dt_sin_pri;dt_transdm;dt_transrs;dt_transse;dt_transsm;dt_transus;dttrat,cs_raca,"","","","","","","","","","","","","","",cs_gestant,an_quali;an_quant;copaisinf;cs_escol_n;doenca_tra;ds_forma;evolucao;forma;id_ocupa_n;id_pais;id_regiona;id_rg_resi;id_unidade;nocolinf;nopropin;outro_ex;outros;sem_not;sem_pri;sg_uf_not;stcura1;stcura2;stcura3;tp_not;tpautocto;tratam;tratanao
SINANFINAIS,FMAC,id_agravo,comunhosp;comuninf;coufinf;id_mn_resi;id_municip;sg_uf,id_mn_resi,id_municip,"","","","","",cs_sexo,nu_idade_n,ano_nasc;nu_ano,dt_coleta;dt_digita;dt_encerra;dt_invest;dt_notific;dt_obito;dt_sin_pri;dt_transdm;dt_transrm;dt_transrs;dt_transse;dt_transus;dtalta;dtinterna;dts1;dts2,cs_raca,"","","","","","","","","","","",classi_fin,"","",cs_gestant,abdominal;agente;ambiente;anim_esp;bovino;cao_gato;capivara;carrapato;cefaleia;choque;codisinf;coma;convulsao;copaisinf;coufhosp;criterio;cs_escol_n;diag_desca;diagno_lab;diarreia;doenca_tra;equinos;evolucao;exantema;febre;foi_mata;hemorrag;hemorragi;hepatome;hiperemia;histopato;hospital;ictericia;id_ocupa_n;id_pais;id_regiona;id_rg_resi;id_unidade;ident_micr;igg_s1;igg_s2;igm_s1;igm_s2;imunohist;isolamento;linfadeno;mialgia;nausea;necrose;nu_lote_h;nu_lote_v;oliguria;outro_esp;outroani;outros;petequias;prostacao;respirato;sem_not;sem_pri;sg_uf_not;tit_igg_s1;tit_igg_s2;tit_igm_s1;tit_igm_s2;tp_not;tpautocto;zona
SINANFINAIS,FTIF,id_agravo,comuninf;coufinf;id_mn_resi;id_municip;mun_des1;mun_des2;mun_des3;municipio;sg_uf,id_mn_resi,id_municip,"","","","","",cs_sexo,nu_idade_n,ano_nasc;nu_ano,dt_atende;dt_copro1;dt_copro2;dt_copro3;dt_desc1;dt_desc2;dt_desc3;dt_digita;dt_encerra;dt_hemo1;dt_hemo2;dt_hemo3;dt_invest;dt_notific;dt_obito;dt_outr1;dt_outr2;dt_outr3;dt_sin_pri;dt_transdm;dt_transrm;dt_transrs;dt_transse;dt_transsm;dt_transus;dt_uro;dt_uro2;dt_uro3,cs_raca,"","","","","","","","","","","",classi_fin,"","",cs_gestant,ampicilina;ant_out_d;ant_outr;antibiotic;assintomat;astenia;atendiment;cefaleia;clorafen;co_uf_des1;co_uf_des2;co_uf_des3;comp_out;comp_out_d;constipa;cont_out;contato;copaisinf;copro_d_1;copro_d_2;copro_d_3;copro_r1;copro_r2;copro_r3;criterio;cs_escol_n;diarreia;dias;doenca_tra;dor;ds_trans1;ds_trans2;ds_trans3;entero;espleno;evolucao;febre;fezes;hemo_d_1;hemo_d_2;hemo_d_3;hemo_r1;hemo_r2;hemo_r3;id_ocupa_n;id_pais;id_regiona;id_rg_resi;id_unidade;nauseas;nu_lote_h;nu_lote_i;nu_lote_v;outr_d1;outr_d2;outr_d3;outr_r1;outr_r2;outr_r3;pa_des1;pa_des2;pa_des3;perfura;pulso;quinolona;sangue;sem_not;sem_pri;sg_uf_not;suge_vincu;sulfa;tifica;tosse;tp_not;tpautocto;uf;urina;uro_d;uro_d_2;uro_d_3;uro_r1;uro_r2;uro_r3;vinc_out;vomitos
SINANFINAIS,HANS,id_agravo,id_mn_resi;id_muni_at;id_municip;sg_uf,id_mn_resi,id_municip,"","","","","",cs_sexo,nu_idade_n,ano_nasc;nu_ano,dt_diag;dt_digita;dt_noti_at;dt_notific;dt_transdm;dt_transrm;dt_transrs;dt_transse;dt_transsm;dt_transus;dtalta_n;dtinictrat;dtmudesq;dtultcomp,cs_raca,"","","","","","","","","","","","","","",cs_gestant,aval_atu_n;avalia_n;baciloscop;classatual;classopera;contexam;contreg;cs_escol_n;cs_flxret;dose_receb;epis_racio;esq_atu_n;esq_ini_n;flxrecebi;formaclini;id_ocupa_n;id_pais;id_regiona;id_rg_resi;id_unid_at;id_unidade;in_vincula;migrado_w;mododetect;modoentr;muniresat;nduplic_n;nervosafet;nu_lesoes;nu_lote_h;nu_lote_ia;nu_lote_v;sem_diag;sg_uf_not;tp_not;tpalta_n;ufatual;ufresat
SINANFINAIS,HANT,id_agravo,comuninf;coufinf;id_mn_resi;id_municip;sg_uf,id_mn_resi,id_municip,"","","","","",cs_sexo,nu_idade_n,ano_dt_sin;ano_nasc;nu_ano,dt_col_igm;dt_digita;dt_encerra;dt_evoluc;dt_invest;dt_notific;dt_rtpcr;dt_sin_pri;dtdiasinac,cs_raca,"","","","","","","","","","","",classi_fin,"","",cs_gestant,am_sangue;ant_aragem;ant_arrumo;ant_colhei;ant_contat;ant_corte;ant_desmat;ant_dt_inv;ant_exposi;ant_lazer;ant_limpez;ant_moagem;ant_ocupac;ant_planti;ant_roedor;cli_abdomi;cli_angust;cli_asteni;cli_cardia;cli_cefale;cli_choque;cli_diarre;cli_dispne;cli_dt_ate;cli_febre;cli_gargan;cli_h;cli_h_desc;cli_hemo;cli_hipote;cli_lombar;cli_mial_d;cli_mial_g;cli_mialgi;cli_munici;cli_neurol;cli_out_d;cli_outros;cli_petequ;cli_renal;cli_respi;cli_rinorr;cli_tontur;cli_toraci;cli_tosse;cli_vomito;con_amb_de;con_ambien;con_area;con_autops;con_criter;con_diag_d;con_diagno;con_doenca;con_dt_enc;con_dt_obi;con_evoluc;con_forma;con_inf_pa;con_local2;con_locali;conf_inf_m;conf_inf_u;copaisinf;criterio;cs_escol_n;cs_escolar;cs_suspeit;desmata_n;doenca_tra;dormiu_n;evolucao;expo_n;id_dg_not;id_ev_not;id_ocupa_n;id_pais;id_regiona;id_rg_resi;id_unidade;lab_atipic;lab_bilate;lab_colheu;lab_derram;lab_difuso;lab_hema_n;lab_hemato;lab_histop;lab_igg;lab_igg_r;lab_igm;lab_igm_r;lab_imuno;lab_l_c_de;lab_l_out;lab_l_s_de;lab_leuc_n;lab_local;lab_micron;lab_out_d;lab_out_e;lab_outro;lab_radiol;lab_realiz;lab_res_b;lab_rtpcr;lab_tgo;lab_tgo_d;lab_tgp;lab_tgp_d;lab_trombo;lab_ureia;moagem_n;nu_idade;outr_ati_d;outra_ativ;pescou_n;roedor_n;sem_not;sem_pri;sg_uf_not;tp_not;tpautocto;tra_antibi;tra_antivi;tra_cortic;tra_cpap;tra_dt_alt;tra_dt_int;tra_especi;tra_hosp;tra_mecani;tra_munici;tra_tratam;tra_uf;tra_vasoat;transpo_n;treina_mil
SINANFINAIS,IEXO,id_agravo,id_mn_resi;id_municip;mun_emp;mun_hosp;sg_uf,id_mn_resi,id_municip,"","","","","",cs_sexo,nu_idade_n,ano_nasc;nu_ano,dt_digita;dt_encerra;dt_invest;dt_nasc;dt_notific;dt_obito;dt_sin_pri;dt_transdm;dt_transrm;dt_transrs;dt_transse;dt_transsm;dt_transus;dtinterna,cs_raca,"","","","","","","","","","","",classi_fin,"","",cs_gestant,agente_1;agente_2;agente_3;agente_tox;ativida_1;ativida_2;ativida_3;cat;circun_des;circunstan;cnae;coagtoxma1;coagtoxma2;coagtoxma3;criterio;cs_escol_n;diag_conf;doenca_tra;evolucao;hospital;id_ocupa_n;id_pais;id_regiona;id_rg_resi;id_unidade;lavoura;loc_exp_de;loc_expo;nu_lote_h;nu_lote_i;nu_lote_v;nutempo;out_agente;p_ativo_1;p_ativo_2;p_ativo_3;pais_exp;sem_not;sem_pri;sg_uf_not;sit_trab;tp_not;tpatende;tpexp;tptempo;trab_desc;uf_emp;uf_hosp;util_desc;utilizacao;via_1;via_2;via_3
SINANFINAIS,LEIV,id_agravo,comuninf;coufinf;id_mn_resi;id_municip;sg_uf,id_mn_resi,id_municip,"","","","","",cs_sexo,nu_idade_n,ano_nasc;nu_ano,dt_deslc1;dt_deslc2;dt_deslc3;dt_digita;dt_encerra;dt_invest;dt_notific;dt_obito;dt_sin_pri,cs_raca,"","","","","","","",peso,"","","",classi_fin,"","",cs_gestant,ampolas;ant_dt_inv;baco;caso;co_pais_1;co_pais_2;co_pais_3;co_uf_1;co_uf_2;co_uf_3;con_classi;con_doenca;con_dt_enc;con_dt_obi;con_evoluc;con_inf_ba;con_inf_di;con_inf_mu;con_inf_ou;con_inf_pa;con_inf_uf;copaisinf;criterio;cs_escol_n;cs_escolar;cs_flxret;diag_par_n;diag_para;doenca_tra;dose;doses;droga;ds_mun_1;ds_mun_2;ds_mun_3;ds_trans_1;ds_trans_2;duracao;edema;elisa;emagra;endemico;entrada;evolucao;falencia;febre;fen_hemorr;figado;flxrecebi;fraqueza;hiv;ictericia;id_dg_not;id_ev_not;id_ocupa_n;id_pais;id_regiona;id_rg_resi;id_unidade;ifi;infeccioso;migrado_w;nduplic_n;nu_idade;ocupacao;outras;outro;outros;outros_esp;palidez;sem_not;sem_pri;sg_uf_not;tosse;tp_not;tpautocto;tratamento;tube
SINANFINAIS,LEPT,id_agravo,ate_munici;co_mun_r1;co_mun_r2;co_mun_r3;co_mun_r4;comuninf;coufinf;id_mn_resi;id_municip;sg_uf,id_mn_resi,id_municip,"","","","","",cs_sexo,nu_idade_n,ano_nasc;nu_ano,dt_digita;dt_encerra;dt_invest;dt_notific;dt_obito;dt_pcr;dt_risco1;dt_risco2;dt_risco3;dt_risco4;dt_sin_pri;dt_transdm;dt_transrm;dt_transrs;dt_transse;dt_transsm;dt_transus;dtimuno;dtisola;dtmicro1;dtmicro2,cs_raca,"","","","","","","","","","","",classi_fin,"","",cs_gestant,ant_animai;ant_cb_cai;ant_cb_car;ant_cb_cor;ant_cb_cri;ant_cb_fos;ant_cb_gra;ant_cb_lam;ant_cb_lav;ant_cb_lim;ant_cb_lix;ant_cb_out;ant_cb_pla;ant_cb_roe;ant_cb_sin;ant_cb_ter;ant_dt_inv;ant_humano;ant_ocupac;ant_ou_des;ate_dt_alt;ate_dt_int;ate_hosp;ate_uf;cli_cardia;cli_cefale;cli_conges;cli_desc_o;cli_diarre;cli_dt_ate;cli_febre;cli_hemopu;cli_hemorr;cli_icteri;cli_mening;cli_mialgi;cli_otrdes;cli_outras;cli_outros;cli_pantur;cli_prost;cli_renal;cli_respir;cli_vomito;co_uf_r1;co_uf_r2;co_uf_r3;co_uf_r4;con_alimen;con_ambien;con_animai;con_area;con_clas_e;con_classi;con_criter;con_doenca;con_dt_enc;con_dt_obi;con_enchen;con_entulh;con_esgoto;con_evoluc;con_inf_mu;con_inf_pa;con_inf_uf;con_rio;con_roedor;con_terren;copaisinf;criterio;cs_escol_n;cs_escolar;cs_flxret;cs_zona;doenca_tra;evolucao;flxrecebi;id_dg_not;id_dt_resi;id_ev_not;id_ocupa_n;id_pais;id_regiona;id_rg_resi;id_unidade;in_vincula;lab_bd;lab_bi;lab_bt;lab_creati;lab_dt_1;lab_dt_2;lab_dt_3;lab_elis_1;lab_elis_2;lab_macro;lab_met_d;lab_metodo;lab_micr_1;lab_micr_2;lab_micro;lab_plaque;lab_potass;lab_r_1;lab_r_2;lab_s_1;lab_s_2;lab_s_3;lab_s_4;lab_s_5;lab_soroag;lab_tgo;lab_tgp;lab_uf;lab_ureia;micro1_s1;micro1_s_2;micro1_t_1;micro1_t_2;micro2_s1;micro2_s_2;micro2_t_1;micro2_t_2;migrado_w;nduplic;nduplic_n;nu_idade;nu_lote_h;nu_lote_i;nu_lote_v;res_imuno;res_isol;res_pcr;sem_not;sem_pri;sg_uf_not;tp_not;tpautocto
SINANFINAIS,LER,diag_esp;id_agravo,id_mn_resi;id_municip;mun_emp;sg_uf,id_mn_resi,id_municip,"","","","","",cs_sexo,nu_idade_n,ano_nasc;nu_ano,dt_diag;dt_notific;dt_obito,cs_raca,"","","","","","","","","","","","","","",cs_gestant,afast_risc;afast_trab;afastament;agravo_des;asma;cat;cnae;coletiva;condut_des;conduta;cs_escol_n;diabetes;dor;evol_afast;evolucao;flogistico;ha_pausa;hanseniase;hiperten;id_ocupa_n;id_pais;id_regiona;id_rg_resi;id_unidade;individual;limita_mov;mais_6hs;menos_mov;mental;muda_trab;muscular;nenhum;nu_afast;nu_lote_i;nutempo;nutemporis;out_agravo;outro_sin;premios;regime;repetitivo;sem_diag;sem_not;sensibili;sg_uf_not;sinto_des;sit_trab;stress;tarefas;terceiriza;tp_afast;tp_not;tptempo;tptemporis;trab_doe;tube;uf_emp
SINANFINAIS,LERD,diag_esp;id_agravo,id_mn_resi;id_municip;mun_emp;sg_uf,id_mn_resi,id_municip,"","","","","",cs_sexo,nu_idade_n,ano_nasc;nu_ano,dt_diag;dt_notific;dt_obito,cs_raca,"","","","","","","","","","","","","","",cs_gestant,afast_risc;afast_trab;afastament;agravo_des;asma;cat;cnae;coletiva;condut_des;conduta;cs_escol_n;diabetes;dor;evol_afast;evolucao;flogistico;ha_pausa;hanseniase;hiperten;id_ocupa_n;id_pais;id_regiona;id_rg_resi;id_unidade;individual;limita_mov;mais_6hs;menos_mov;mental;muda_trab;muscular;nenhum;nu_afast;nu_lote_i;nutempo;nutemporis;out_agravo;outro_sin;premios;regime;repetitivo;sem_diag;sem_not;sensibili;sg_uf_not;sinto_des;sit_trab;stress;tarefas;terceiriza;tp_afast;tp_not;tptempo;tptemporis;trab_doe;tube;uf_emp
SINANFINAIS,LTAN,id_agravo,comuninf;coufinf;id_mn_resi;id_municip;mun_des1;mun_des2;mun_des3;sg_uf,id_mn_resi,id_municip,"","","","","",cs_sexo,nu_idade_n,ano_nasc;nu_ano,dt_desc1;dt_desc2;dt_desc3;dt_diag;dt_digita;dt_encerra;dt_inic_tr;dt_invest;dt_notific;dt_obito;dt_transdm;dt_transrm;dt_transrs;dt_transse;dt_transsm;dt_transus,cs_raca,"","","","","","","",tra_peso,"","","","","","",cs_gestant,ant_dt_inv;cla_tipo_n;clas_forma;clas_tipo;cli_cicatr;cli_co_hiv;cli_cut_di;cli_cutane;cli_mucosa;co_uf_des1;co_uf_des2;co_uf_des3;con_auto_m;con_auto_u;con_class;con_classi;con_criter;con_doenca;con_dt_enc;con_dt_obi;con_evoluc;con_import;con_munici;con_pais;con_uf;copaisinf;criterio;cs_escol_n;cs_escolar;cs_flxret;doenca_tra;ento_anima;ento_cao;ento_captu;ento_equin;ento_exi_1;ento_exi_2;ento_exi_3;ento_exi_4;ento_exist;ento_extra;ento_flebo;ento_inset;ento_intra;ento_local;ento_outro;ento_perid;ento_proxi;ento_trans;evolucao;flxrecebi;id_dg_not;id_ev_not;id_ocupa_n;id_ocupaca;id_pais;id_regiona;id_rg_resi;id_unidade;lab_histop;lab_irm;lab_parasi;migrado_w;nduplic_n;nu_idade;nu_lote_h;nu_lote_i;nu_lote_v;pa_des1;pa_des2;pa_des3;sem_diag;sem_not;sem_pri;sg_uf_not;tp_not;tpautocto;tra_ampola;tra_dose;tra_droga;tra_outr_n;tra_outra
SINANFINAIS,MALA,id_agravo,comuninf;coufinf;id_mn_resi;id_municip;sg_uf,id_mn_resi,id_municip,"","","","","",cs_sexo,nu_idade_n,ano_nasc;nu_ano,dt_digita;dt_encerra;dt_invest;dt_notific;dt_sin_pri;dt_transdm;dt_transrm;dt_transrs;dt_transse;dt_transsm;dt_transus;dtrata;dttransfu,cs_raca,"","","","","","","","","","","",classi_fin,"","",cs_gestant,amalaria;ant_dt_inv;artei;artem;artemi;artesu;assintom;at_ativida;at_lamina;at_sintoma;calafrio;cd_outro;cli_outro;clind;clindi;cloroq;cloroqi;con_classi;con_confir;con_doenca;con_dt_enc;con_dt_obi;con_evoluc;con_inf_mu;con_inf_pa;con_inf_uf;copaisinf;cs_escol_n;cs_escolar;dexame;dinterna;doxoci;dstraesque;febre;gestante;hospital;id_dg_not;id_ev_not;id_ocupa_n;id_pais;id_regiona;id_rg_resi;id_unidade;in_vincula;loc_inf;mefloq;minterna;mtransfu;nduplic;nu_idade;nu_lote_h;nu_lote_i;nu_lote_v;ocupacao;pcruz;pmalaria;pmm;primaq;ptransfu;pusuario;quinino;quininoi;result;sem_not;sem_pri;sg_uf_not;soutros;sudorese;tetrac;tp_not;tpautocto;tra_esquem;transfu;ufinterna;uftransfu;utransfu
SINANFINAIS,MENI,id_agravo,ate_munici;id_mn_resi;id_municip;sg_uf,id_mn_resi,id_municip,"","","","","",cs_sexo,nu_idade_n,ano_nasc;nu_ano,dt_digita;dt_encerra;dt_invest;dt_notific;dt_sin_pri;dt_transdm;dt_transrm;dt_transrs;dt_transse;dt_transsm;dt_transus,cs_raca,"","","","","","","","","","","",classi_fin,"","",cs_gestant,ant_ac;ant_aids;ant_bc;ant_bcg;ant_conj_c;ant_cont_n;ant_dose_3;ant_dose_4;ant_dose_5;ant_dose_7;ant_dose_c;ant_dose_t;ant_doses;ant_dtul_3;ant_dtul_4;ant_dtul_5;ant_dtul_7;ant_dtul_8;ant_dtul_c;ant_dtul_t;ant_dtult;ant_hemo_t;ant_imuno;ant_inf_ho;ant_ira;ant_ou_de;ant_outr_d;ant_outra;ant_outro;ant_pneumo;ant_secund;ant_trauma;ant_tripli;ant_tube;ate_hospit;ate_intern;ate_uf_hos;cla_me_ass;cla_me_bac;cla_me_eti;cla_sorogr;cli_abaula;cli_cefale;cli_coma;cli_convul;cli_especi;cli_febre;cli_kernig;cli_outras;cli_petequ;cli_rigide;cli_vomito;con_diages;criterio;cs_escol_n;cs_flxret;cs_mening;doenca_tra;evolucao;flxrecebi;id_ocupa_n;id_pais;id_regiona;id_rg_resi;id_unidade;lab_agliqu;lab_agsang;lab_aspect;lab_bcesca;lab_bclesa;lab_bcliqu;lab_bcsang;lab_ciliqu;lab_cisang;lab_clor;lab_ctesca;lab_ctlesa;lab_ctliqu;lab_ctsang;lab_dtpunc;lab_eosi;lab_glico;lab_hema;lab_isfeze;lab_isliqu;lab_leuco;lab_linfo;lab_mono;lab_neutro;lab_pcesca;lab_pclesa;lab_pcliqu;lab_pcsang;lab_prot;lab_puncao;med_dt_evo;med_dt_qui;med_nucomu;med_quimio;migrado_w;nduplic_n;nu_lote_h;nu_lote_i;nu_lote_v;sem_not;sem_pri;sg_uf_not;tp_not
SINANFINAIS,MENT,diag_esp;id_agravo,id_mn_resi;id_municip;mun_emp;sg_uf,id_mn_resi,id_municip,"","","","","",cs_sexo,nu_idade_n,ano_nasc;nu_ano,dt_diag;dt_digita;dt_notific;dt_obito;dt_transdm;dt_transrm;dt_transrs;dt_transse;dt_transsm;dt_transus,cs_raca,"","","","","","","","","","","","","","",cs_gestant,afast_desg;afast_trab;alcool;capes;cat;cnae;coletiva;condut_des;conduta;cs_escol_n;drogas;evolucao;fuma;id_ocupa_n;id_pais;id_regiona;id_rg_resi;id_unidade;individual;muda_trab;nenhum;nu_lote_h;nu_lote_i;nu_lote_v;nutempo;nutemporis;psico_farm;regime;sem_diag;sem_not;sg_uf_not;sit_trab;tempo_fuma;terceiriza;tp_not;tp_temp_fu;tptempo;tptemporis;trab_doe;uf_emp
SINANFINAIS,NTRA,id_agravo,id_municip,"",id_municip,"","","","","","","",nu_ano,dt_digita;dt_notific;dt_transdm;dt_transrm;dt_transrs;dt_transse;dt_transsm;dt_transus;nu_sema_ep,"","","","","","","","","","","","","","","","",cs_inqueri;id_regiona;id_unidade;ident_micr;nu_casoexa;nu_casopos;nu_lote;nu_lote_h;nu_lote_v;nu_notific;sem_not;sg_uf_not;tpuninot
SINANFINAIS,PAIR,diag_esp;id_agravo,id_mn_resi;id_municip;mun_emp;sg_uf,id_mn_resi,id_municip,"","","","","",cs_sexo,nu_idade_n,ano_nasc;nu_ano,dt_diag;dt_notific;dt_obito,cs_raca,"","","","","","","","","","","","","","",cs_gestant,afast_risc;afast_trab;afastament;agravo_des;asma;cat;cefaleia;cnae;coletiva;conduta;conduta_de;cs_escol_n;diabetes;evol_afast;evolucao;fala;gases;hanseniase;hiperten;id_ocupa_n;id_pais;id_regiona;id_rg_resi;id_unidade;individual;medica;mental;metal;muda_trab;nenhum;nu_afast;nu_lote_i;nutempo;nutemporis;out_agravo;outro_sin;regime;rui_outdes;ruido_out;sem_diag;sem_not;sg_uf_not;sit_trab;solvente;terceiriza;tontura;tp_afast;tp_not;tpruido;tptempo;tptemporis;trab_doe;tube;uf_emp;zumbido
SINANFINAIS,PEST,id_agravo,comuninf;coufinf;id_mn_resi;id_municip;sg_uf,id_mn_resi,id_municip,"","","","","",cs_sexo,nu_idade_n,nu_ano,dt_digita;dt_encerra;dt_invest;dt_notific;dt_obito;dt_s1;dt_s2;dt_sin_pri,cs_raca,"","","","","","","","","","","",classi_fin,"","",cs_gestant,co_focal;co_risco;com_pest;con_classi;con_gravid;copaisinf;criterio;cs_escol_n;doenca_tra;elisa1;elisa2;epi_peste;evolucao;hemo_igg;hemo_igm;id_ocupa_n;id_pais;id_regiona;id_rg_resi;id_unidade;igg_t2;igm_t1;lab_esfr;lab_hemo;sem_not;sem_pri;sg_uf_not;sin_gang;sin_pulm;tp_not;tpautocto;tratado
SINANFINAIS,PFAN,id_agravo,ate_munici;id_mn_resi;id_municip;sg_uf,id_mn_resi,id_municip,"","","","","",cs_sexo,nu_idade_n,ano_nasc;nu_ano,dt_digita;dt_encerra;dt_invest;dt_nasc;dt_notific;dt_obito;dt_sin_pri;dt_transdm;dt_transrm;dt_transrs;dt_transse;dt_transsm;dt_transus;dtpricons,cs_raca,"","","","","","","","","","","",classi_fin,"","",cs_gestant,ant_30_dia;ant_doses;ant_dt_vac;ant_pais;ant_vacina;ate_dt_int;ate_hipote;ate_hosp;ate_uf;cli_a_fmid;cli_a_fmie;cli_a_fmsd;cli_a_fmse;cli_a_s_fa;cli_a_smid;cli_a_smie;cli_a_smsd;cli_a_smse;cli_a_t_ce;cli_a_t_fa;cli_a_tmid;cli_a_tmie;cli_a_tmsd;cli_a_tmse;cli_aguda;cli_aq_d_n;cli_aq_e_n;cli_ascend;cli_assime;cli_bicd_n;cli_bice_n;cli_brudz;cli_cefale;cli_cervic;cli_con_es;cli_contat;cli_descen;cli_diarre;cli_dores;cli_dt;cli_dt_exa;cli_ext_d;cli_ext_e;cli_f_mid;cli_f_mie;cli_f_msd;cli_f_mse;cli_face;cli_febre;cli_flacid;cli_fle_d;cli_fle_e;cli_injeca;cli_kernig;cli_local;cli_nuca;cli_obstip;cli_outros;cli_patd_n;cli_pate_n;cli_progre;cli_respir;cli_sintom;cli_trid_n;cli_trie_n;cli_vomito;con_descar;criterio;cs_escol_n;cs_flxret;evolucao;evor1_dt_r;evor_a_mid;evor_a_mie;evor_a_msd;evor_a_mse;evor_dt_re;evor_f_mid;evor_f_mie;evor_f_msd;evor_f_mse;evor_rc_ed;evor_rc_ee;evor_rc_fd;evor_rc_fe;evor_s_fac;evor_s_mid;evor_s_mie;evor_s_msd;evor_s_mse;flxrecebi;id_pais;id_regiona;id_rg_resi;id_unidade;lab_celebr;lab_con_f;lab_dt_c1;lab_dt_cen;lab_dt_e_1;lab_dt_f1;lab_dt_l_1;lab_dt_l_2;lab_dt_nle;lab_dt_r1;lab_dt_re1;lab_e_d_1;lab_intest;lab_l_cel1;lab_l_cel2;lab_l_cl1;lab_l_cl2;lab_l_gli1;lab_l_gli2;lab_l_lin1;lab_l_lin2;lab_l_pro1;lab_l_pro2;lab_medula;lab_q_f;lab_res_f1;lab_res_f2;lab_res_f3;lab_result;loca_mid_n;loca_mie_n;loca_msd_n;loca_mse_n;migrado_w;nduplic_n;nu_lote_h;nu_lote_i;nu_lote_v;outros_des;refr_aqd_n;refr_aqe_n;refr_bid_n;refr_bie_n;refr_pad_n;refr_pae_n;refr_trd_n;refr_tre_n;sem_not;sem_pri;sg_uf_not;tonr_cer_n;tonr_fac_n;tonr_mid_n;tonr_mie_n;tonr_msd_n;tonr_mse_n;tp_not
SINANFINAIS,PNEU,diag_esp;id_agravo,id_mn_resi;id_municip;mun_emp;sg_uf,id_mn_resi,id_municip,"","","","","",cs_sexo,nu_idade_n,ano_nasc;nu_ano,dt_diag;dt_digita;dt_notific;dt_obito;dt_transdm;dt_transrm;dt_transrs;dt_transse;dt_transsm;dt_transus,cs_raca,"","","","","","","","","","","","","","",cs_gestant,afast_risc;afast_trab;artrite;asbesto;berilio;biopsia;cancer;carvao;cat;cnae;coletiva;condut_des;conduta;cs_escol_n;evolucao;fluxo_aere;fuma;id_ocupa_n;id_pais;id_regiona;id_rg_resi;id_unidade;individual;metal;muda_trab;nenhum;nu_lote_h;nu_lote_i;nu_lote_v;nutempo;nutemporis;out_doe_de;out_exame;outro_doe;poe_abrasi;poe_mista;poe_organi;poeiras;raiox;regime;sem_diag;sem_not;sg_uf_not;silica;sit_trab;stavalia;stresulta;tempo_fuma;terceiriza;tireoidite;tomografia;tp_not;tp_temp_fu;tptempo;tptemporis;trab_doe;tube;uf_emp;vinc_esp
SINANFINAIS,RAIV,id_agravo,comuninf;coufinf;id_mn_resi;id_municip;municipio;sg_uf,id_mn_resi,id_municip,"","","","","",cs_sexo,nu_idade_n,ano_nasc;nu_ano,dt_apli_so;dt_digita;dt_encerra;dt_expo;dt_interna;dt_invest;dt_notific;dt_obito;dt_r_tra;dt_sin_pri;dt_tr_rab;dt_transdm;dt_transrm;dt_transrs;dt_transse;dt_transsm;dt_transus;dt_vac1;dt_vac_ult,cs_raca,"","","","","","","","","","","",classi_fin,"","",cs_gestant,aerofobia;agitacao;agressivi;antec_pos;antec_pre;anti_rab;arranhao;cabeca;contato;copaisinf;criterio;cs_escol_n;cs_flxret;dilacerant;disfagia;doenca_tra;doses_a;esp_out;especie_n;febre;feriment_n;flxrecebi;hidrofobi;histolog_n;hospitaliz;id_ocupa_n;id_pais;id_regiona;id_rg_resi;id_unidade;imuno_dire;imuno_indi;inferiores;infiltra;lambedura;maos_n;migrado_w;mordedura;mucosa;nduplic_n;num_doses;outro;outro_des;paralisia;parestesi;pes;profundo;prova_biol;quantid;sem_not;sem_pri;sg_uf_not;superficia;superiores;tp_not;tpautocto;tra_soro;tronco;uf;vacinad;varia_vir
SINANFINAIS,ROTA,id_agravo,id_mn_resi;id_municip;sg_uf,id_mn_resi,id_municip,"","","","","",cs_sexo,nu_idade_n,ano_nasc;nu_ano,dt_1vac;dt_2vac;dt_digita;dt_encerra;dt_envio;dt_fezes;dt_notific;dt_obito;dt_sin_pri;dt_transdm;dt_transrm;dt_transrs;dt_transse;dt_transsm;dt_transus;dt_vop,"","","","","","","","","","","","",classi_fin,"","",cs_gestant,acondic;bacteria;caso_isola;criterio;cs_escol_n;cs_mening;cs_suspeit;d_diar;d_vomito;diarreia;evolucao;febre;genot_g;genot_p;id_pais;id_regiona;id_rg_resi;id_unidade;lab_prod1;lab_prod2;leite;lote1;lote2;medicament;n_diar;n_vomito;nome_bact;nome_paras;nome_virus;nu_lote_h;nu_lote_v;out_medic;out_virus;parasita;rota_r;sang;sem_not;sem_pri;sg_uf_not;surto;t_febre;tipo_leite;tp_not;vacina;vomito;vop_vorh
SINANFINAIS,SDTA,id_agravo,id_muni_re;id_municip;sg_uf,"",id_municip,"","","","","","","",nu_ano,dt_digita;dt_encerra;dt_invest;dt_notific;dt_sin_pri;dttransdm;dttransrm;dttransrs;dttransse;dttranssm;dttransus,"","","","","","","","","","","","","","","","",agente_et0;agente_et1;agente_eti;alimento_c;criterio;cs_local;cs_trans;ds_f_outro;id_pais;id_regiona;id_rg_resi;id_unidade;max_inc;max_st_inc;nu10_19_n;nu1_4_f_nu;nu5_9_f_nu;nu_10_19;nu_10_19_m;nu_10_19ig;nu_1_4_ign;nu_1_4_nu;nu_1_4_tot;nu_1_f_nu;nu_1_ign;nu_1_m_nu;nu_1_tot_n;nu_20_49;nu_20_49_f;nu_20_49_n;nu_20_49ig;nu_50_f_nu;nu_50_ign;nu_50_m_nu;nu_50_tot;nu_5_9_ign;nu_5_9_nu;nu_5_9_tot;nu_a_num_3;nu_abdom_n;nu_cefal_n;nu_diarr_n;nu_ent_doe;nu_entr;nu_f_tot;nu_f_tot_n;nu_febre_n;nu_ig_f_nu;nu_ig_ign;nu_ign_nu;nu_igra_nu;nu_inc_me;nu_incub_m;nu_nause_p;nu_neuro_n;nu_num_3;nu_obito;nu_outro_n;nu_to_f_nu;nu_tot;nu_tot_hos;nu_tot_ign;nu_vomto_n;qt_total_c;sem_not;sem_pri;sg_uf_not;st_a_clini;st_alimen;st_f_outro;st_impro;st_inad;st_inc_me;st_incub_m;st_manip;tp_indiret;tp_local;tp_not;tp_pro_pre
SINANFINAIS,TETA,id_agravo,comuninf;coufinf;id_mn_resi;id_municip;sg_uf,id_mn_resi,id_municip,"","","","","",cs_sexo,nu_idade_n,ano_nasc;nu_ano,dt_digita;dt_encerra;dt_interna;dt_invest;dt_notific;dt_obito;dt_sin_pri;dt_transdm;dt_transrm;dt_transrs;dt_transse;dt_transsm;dt_transus;dt_ult_dos,cs_raca,"","","","","","","","","","","",classi_fin,"","",cs_gestant,copaisinf;cs_abdomin;cs_crises;cs_escol_n;cs_hospita;cs_local;cs_membros;cs_nuca;cs_opistot;cs_riso;cs_sin_out;cs_trismo;evolucao;id_ocupa_n;id_pais;id_regiona;id_rg_resi;id_unidade;nm_munic_h;nm_sin_out;nu_dose;nu_lote_h;nu_lote_i;nu_lote_v;sem_not;sem_pri;sg_uf_inte;sg_uf_not;tp_analise;tp_causa;tp_causout;tp_identfi;tp_localle;tp_not;tp_origem;tp_profila;tp_vacina;tpautocto
SINANFINAIS,TETN,id_agravo,comuninf;coufinf;id_mn_resi;id_municip;sg_uf,id_mn_resi,id_municip,"","","","","","",nu_idade_n,nu_ano,dt_1_dose;dt_2_dose;dt_3_dose;dt_digita;dt_encerra;dt_invest;dt_nasc;dt_notific;dt_obito;dt_reforco;dt_sin_pri;dt_transdm;dt_trismo,cs_raca,"","","","","","","","","","","",classi_fin,"","",nu_gesta,copaisinf;counidinf;cs_abdomen;cs_analise;cs_atend_n;cs_buscaat;cs_cadastr;cs_choro;cs_cobertu;cs_crise;cs_divulga;cs_escol_n;cs_hospita;cs_inf_cot;cs_mamar;cs_membros;cs_nascido;cs_nuca;cs_opistot;cs_orienta;cs_origem;cs_outras;cs_outros;cs_riso;cs_sugou;cs_trismo;cs_vacinac;cs_vacteta;ds_inf_loc;ds_inf_out;escolmae_n;evolucao;id_ocupa_n;id_pais;id_regiona;id_rg_resi;id_unidade;idade_mae;nm_out_sin;no_atenout;no_coboutr;no_ouparto;no_outras;num_con_n;sem_not;sem_pri;sg_uf_not;tp_not;tpautocto
SINANFINAIS,TOXC,id_agravo,comuninf;coufinf;id_mn_resi;id_municip;sg_uf,id_mn_resi,id_municip,"","","","","",cs_sexo,nu_idade_n,ano_nasc;nu_ano,dt_digita;dt_encerra;dt_invest;dt_notific;dt_obito;dt_sin_pri,cs_raca,"","","","","","","","","","","",classi_fin,"","",cs_gestant,copaisinf;criterio;cs_escol_n;doenca_tra;evolucao;id_ocupa_n;id_pais;id_regiona;id_rg_resi;id_unidade;in_vincula;nduplic_n;sem_not;sem_pri;sg_uf_not;tp_not;tp_sistema;tpautocto;tpuninot
SINANFINAIS,TOXG,id_agravo,comuninf;coufinf;id_mn_resi;id_municip;sg_uf,id_mn_resi,id_municip,"","","","","",cs_sexo,nu_idade_n,ano_nasc;nu_ano,dt_digita;dt_encerra;dt_invest;dt_notific;dt_obito;dt_sin_pri,cs_raca,"","","","","","","","","","","",classi_fin,"","",cs_gestant,copaisinf;criterio;cs_escol_n;doenca_tra;evolucao;id_ocupa_n;id_pais;id_regiona;id_rg_resi;id_unidade;in_vincula;nduplic_n;sem_not;sem_pri;sg_uf_not;tp_not;tp_sistema;tpautocto;tpuninot
SINANFINAIS,TRAC,id_agravo,id_muni_re;id_municip;sg_uf,"",id_municip,"","","","","",cs_sexo,nu_idade_n,nu_ano,dt_digita;dt_notific;dt_transdm;dt_transrm;dt_transrs;dt_transse;dt_transsm;dt_transus,"","","","","","","","","","","","","","","","",cs_inqueri;encaminha;forma_co;forma_tf;forma_ti;forma_ts;forma_tt;id_regiona;id_unidade;nu_caso;nu_lote_h;nu_lote_v;sem_not;sg_uf_not
SINANFINAIS,TUBE,id_agravo,id_mn_resi;id_munic_2;id_munic_a;id_municip;sg_uf,id_mn_resi,id_municip,"","","","","",cs_sexo,nu_idade_n,ano_nasc;nu_ano,dt_diag;dt_digita;dt_encerra;dt_inic_tr;dt_mudanca;dt_noti_at;dt_notific;dt_transdm;dt_transrm;dt_transrs;dt_transse;dt_transsm;dt_transus,cs_raca,"","","","","","","","","","","","","","",cs_gestant,agravaids;agravalcoo;agravdiabe;agravdoenc;agravdroga;agravoutde;agravoutra;agravtabac;ant_retro;bac_apos_6;bacilos_e2;bacilosc_1;bacilosc_2;bacilosc_3;bacilosc_4;bacilosc_5;bacilosc_6;bacilosc_e;bacilosc_o;benef_gov;cs_escol_n;cs_flxret;cultura_es;cultura_ou;doenca_tra;estreptomi;etambutol;etionamida;extrapu1_n;extrapu2_n;extrapul_o;flxrecebi;forma;histopatol;hiv;id_ocupa_n;id_pais;id_regiona;id_rg_resi;in_vincula;institucio;isoniazida;migrado_w;mun_transf;nduplic_n;nu_comu_ex;nu_contato;outras;outras_des;pirazinami;pop_imig;pop_liber;pop_rua;pop_saude;raiox_tora;rifampicin;sg_uf_2;sg_uf_at;sg_uf_not;situa_12_m;situa_9_m;situa_ence;test_molec;test_sensi;teste_tube;tp_not;tpuninot;transf;trat_super;tratamento;tratsup_at;uf_transf
SINANFINAIS,VIOL,id_agravo,id_mn_resi;id_municip;sg_uf,id_mn_resi,id_municip,"","","","","",cs_sexo,nu_idade_n,ano_nasc;nu_ano,dt_digita;dt_encerra;dt_invest;dt_notific;dt_obito;dt_ocor;dt_transdm;dt_transrm;dt_transrs;dt_transse;dt_transsm;dt_transus,cs_raca,"","","","","","","","","","","",classi_fin,"","",cs_gestant,ag_ameaca;ag_corte;ag_enfor;ag_enven;ag_espec;ag_fogo;ag_forca;ag_objeto;ag_outros;ag_quente;assist_soc;atend_mulh;autor_alco;autor_sexo;cicl_vid;circ_lesao;cons_abort;cons_comp;cons_dst;cons_espec;cons_estre;cons_grav;cons_ido;cons_ment;cons_outr;cons_suic;cons_tutel;cs_escol_n;def_auditi;def_espec;def_fisica;def_mental;def_out;def_trans;def_visual;defen_publ;deleg;deleg_cria;deleg_idos;deleg_mulh;dir_human;enc_abrigo;enc_creas;enc_deam;enc_deleg;enc_dpca;enc_espec;enc_iml;enc_mpu;enc_mulher;enc_outr;enc_saude;enc_sentin;enc_tutela;enc_vara;evolucao;hora_ocor;id_mn_ocor;id_ocupa_n;id_pais;id_unidade;ident_gen;infan_juv;les_autop;lesao_corp;lesao_espe;lesao_nat;local_espe;local_ocor;mpu;nduplic;num_envolv;orient_sex;out_vezes;pen_anal;pen_oral;pen_vagina;proc_abort;proc_contr;proc_dst;proc_hepb;proc_hiv;proc_sang;proc_semen;proc_vagin;rede_educa;rede_sau;rel_cat;rel_conhec;rel_conj;rel_cuida;rel_desco;rel_espec;rel_excon;rel_exnam;rel_filho;rel_inst;rel_irmao;rel_mad;rel_mae;rel_namo;rel_outros;rel_pad;rel_pai;rel_patrao;rel_pol;rel_propri;rel_sexual;rel_trab;sem_not;sem_pri;sex_assedi;sex_espec;sex_estupr;sex_explo;sex_outro;sex_porno;sex_pudor;sg_uf_not;sg_uf_ocor;sit_conjug;tp_not;tpuninot;tran_comp;tran_ment;viol_espec;viol_finan;viol_fisic;viol_infan;viol_legal;viol_motiv;viol_negli;viol_outr;viol_psico;viol_sexu;viol_tort;viol_traf
SINANFINAIS,ZIKA,id_agravo,comuninf;coufinf;id_mn_resi;id_municip;sg_uf,id_mn_resi,id_municip,"","","","","",cs_sexo,nu_idade_n,nu_ano,dt_encerra;dt_invest;dt_notific;dt_obito;dt_sin_pri,cs_raca,"","","","","","","","","","","",classi_fin,"","",cs_gestant,copaisinf;criterio;cs_escol_n;cs_flxret;cs_suspeit;doenca_tra;evolucao;flxrecebi;id_ocupa_n;id_pais;id_regiona;id_rg_resi;in_vincula;nduplic_n;sem_not;sem_pri;sg_uf_not;tp_not;tp_sistema;tpautocto;tpuninot
SINASC,DN,codanomal,codmuncart;codmunnasc;codmunnatu;codmunres;codufnatu,codmunres,"",codestab,"","","","",sexo,"","",dtcadastro;dtdeclarac;dtnasc;dtnascmae;dtrecebim;dtrecorig;dtrecoriga;dtregcart;dtultmenst,racacor;racacor_rn;racacormae;racacorn,"","","","","","","",confpeso;peso,"","","","",dtnasc;dtnascmae,"",gestacao;semagestac,apgar1;apgar5;codbainasc;codbaires;codcart;codinst;codocupmae;codpaisres;codufnatu;consprenat;consultas;contador;difdata;endres;escmae;escmae2010;escmaeagr1;estcivmae;gravidez;horanasc;idademae;idadepai;idanomal;kotelchuck;locnasc;mesprenat;naturalmae;novo;numerodn;numerodv;numerolote;numregcart;origem;paridade;parto;prefixodn;qtdfilmort;qtdfilvivo;qtdgestant;qtdpartces;qtdpartnor;seriescmae;stcesparto;stdnepidem;stdnnova;sttrabpart;tpapresent;tpdocresp;tpfuncresp;tpmetestim;tpnascassi;tprobson;ufinform;versaosist
SINASC,DNR,"",muni_mae,"","","","","","","",sexo,"","",data_cart;data_nasc,raccor,"","","","","",etnia,"",peso,"","","","","","",gestacao,apgar1;apgar5;area;bairro_mae;cartorio;codigo;contador;critica;crs_mae;crs_ocor;estab_ocor;fil_abort;fil_mortos;fil_vivos;idade_mae;instr_mae;local_ocor;muni_ocor;num_export;pre_natal;tipo_grav;tipo_parto;ufinform
siscan,CC,"","","","",co_cnes,"","","","","","",ano_comp,dt_anm_pre;dt_id_comp,co_pac_rac,"","","","","","","","","","","","","","","",adencarcin;alterado;amosrejalh;amosrejaus;amosrejdan;amosrejout;c_epi_esca;c_epi_glan;carcino;cbematrof;cbeminfla;cbemmetas;cbemout;cbemradi;cbemrepar;clabibge;clabuf;cmicacti;cmicbaci;cmiccand;cmicchla;cmiccoco;cmicgard;cmicherp;cmiclact;cmicout;cmictrico;co_adeq_ma;co_amostra;co_anm_pre;co_ati_esc;co_ati_gla;co_ati_ind;co_ben_atr;co_ben_inf;co_ben_met;co_ben_out;co_ben_rad;co_ben_rep;co_cel_esc;co_cel_gla;co_epi_met;co_fx_etar;co_insa_ac;co_insa_ar;co_insa_co;co_insa_ou;co_insa_pi;co_insa_sa;co_insa_su;co_mic_act;co_mic_bac;co_mic_can;co_mic_chl;co_mic_coc;co_mic_gar;co_mic_her;co_mic_lac;co_mic_out;co_mic_tri;co_neo_mal;co_pac_esc;co_pac_ibg;co_pac_ida;co_pac_uf;co_res_nor;co_us;co_us_ibge;co_us_uf;cvcional;dencarcinv;dintcoleta;dintresult;dinttempex;insatsfac;lagrau;lagraumi;lbgrau;lesaltgra;meioliqu;naltgra;nlsaltgra;outneo;posnaoneo;psnaonpla;psnnpla;qtdexa;quantexame;reglab;regresid;regus;rejeitada;reprezt;resnorm;satisfact;st_mon_ext;tempcitant
siscan,CM,"","","","",co_cnes,"","","","",co_pac_sex,"",ano_comp,dt_id_comp,co_pac_rac,"","","","","","","","","","","","","","","",c_anm_tcan;canmpacanc;cclimatdpc;cclimatmam;co_cli_des;co_cli_nod;co_fx_etar;co_pac_esc;co_pac_ibg;co_pac_uf;co_res_ade;co_us;co_us_ibge;co_us_uf;cresbenig;cresderpap;cresmaliin;cresposmal;cressusmal;delesmalig;demaliindt;dematacelu;denegmalig;deposmalig;deprocinfl;dintcoleta;dintresult;dinttempex;pbenabsuba;pbencondfi;pbenfibroa;pbenlesepi;pbenmastit;pbennecgor;pbenoutras;pmalinoutr;pmalintumf;pmalintump;pposmacduc;pposmaclob;pposmacout;prestmun;prestuf;presulpaaf;psuslejpca;psusoutros;quantexame;reglab;regresid;regus
siscan,HC,"","","","",co_cnes,"","","","","","",ano_comp,dt_his_exa;dt_his_rec;dt_id_comp;dt_pac_nas,co_pac_rac,"","","","","","","","","","","","","","","",adencarcin;adenoinsut;c_ext_corp;c_ext_para;c_ext_peri;c_ext_vagi;c_ext_vasc;cbenalter;cbencervi;ccolanorma;ccoldefaul;ccolinsati;ccolnormal;cdiexamins;cdifgrau;cdifindfer;cdifmoddif;cdifpoudif;cit_outneo;citindalgr;clabcid;clabibge;clabuf;cmarcompro;cmarimpava;cmarlivre;co_ben_alt;co_ben_cer;co_ben_met;co_ben_pol;co_cit_esc;co_cit_gla;co_cit_ind;co_colp;co_colp_bi;co_colp_cu;co_colp_ex;co_colp_po;co_colp_re;co_ctrl_bl;co_ctrl_fr;co_dif_gra;co_exten_c;co_exten_l;co_exten_p;co_exten_v;co_fx_etar;co_marg;co_mat_ins;co_neo_ade;co_neo_nic;co_pac_esc;co_pac_ibg;co_pac_ida;co_pac_uf;co_res_fra;co_res_loc;co_res_mar;co_res_tam;co_res_tip;co_us;co_us_ibge;co_us_uf;cresbiopsi;cresconiza;cresecto;cresendo;creshissim;cresjunc;cresoutros;crespanhis;dintcoleta;dintresult;dinttempex;ds_neo_out;escamosa;esccarinva;esciemcinv;escinalt;esclipbx;gnaltgrau;gpnneop;indpnaoneo;neoinsutu;neomucino;neovilogl;niccarcmin;nicdacent;nicdleve;nicdmode;nicepiinva;nicimpaval;nicnaocera;nicverruco;o_cit_esca;o_cit_glan;o_colp_bio;o_colp_pos;o_exten_li;o_exten_pa;o_exten_pe;o_exten_va;o_res_tam2;pneopla;qtdexa;reglab;regresid;regus
siscan,HM,"","","","",co_cnes,"","","","",co_pac_sex,"",ano_comp,dt_id_comp,co_pac_rac,"","","","","","","","","","","","","","","",c_cli_dete;c_cli_linf;c_cli_tcan;c_neo_mali;cbenadenos;cbenesdero;cbenfibroa;cbenfibroc;cbenflorid;cbenhipcat;cbenhipsat;cbenlobcat;cbenmastit;cbenmulti;cbenoutros;cbensolita;cclidiagim;ccliloca;cclimatpro;cclitant;cclitpexa;chislinfco;chisreces;chisrecpr;cmicmicrca;cneomalig;co_cli_mam;co_cli_tam;co_fx_etar;co_his_gra;co_his_mar;co_pac_esc;co_pac_ibg;co_pac_uf;co_res_ade;co_tam_tum;co_us;co_us_ibge;co_us_uf;cresprocir;dintcoleta;dintresult;dinttempex;lesbenigin;prestmun;prestuf;quantexame;reglab;regresid;regus
siscan,MM,cdisarqcid,"","","",co_cnes,"","","","",co_pac_sex,"",ano_comp,dt_id_comp,co_pac_rac,"","","","","","","","","","","","","","","",canmexapr;canmmamogr;canmpacanc;catbirads;ccalcaspbd;ccalcaspbe;ccalcvascd;ccalcvasce;cconrecom;cconrecomd;cconrecome;cdisarqcie;cimpintegd;cimpintege;cimpsinrud;cimpsinrue;cirurgantd;cirurgante;clinfauxd;clinfauxdi;clinfauxe;clinfauxei;clinfintrd;clinfintre;cnodcald;cnodcale;cnoddend;cnoddene;cnoddenhed;cnoddenhee;cnodtamd;cnodtame;co_cli_dia;co_fx_etar;co_ibge;co_pac_esc;co_pac_ibg;co_pac_uf;co_us;co_us_ibge;co_us_uf;cradcompcd;cradcompce;cradpeled;cradpelee;dintresult;dintsolict;dinttempex;indiclinic;microdir;microesq;naofzciant;nodulodir;noduloesq;presnod;prestuf;quantexame;reglab;regresid;regus;semachados;tempomamog;tipmamdiag
SISPRENATAL,PN,"",co_mun_ubs,"","","","","","","","","",nu_ano_ges,dt_atend;dt_dpp;dt_dum;dt_inc,co_rac_gp,"","","","","","","","","","","","","","",nu_gesta;st_gestac,co_esc_gp;co_etn_gp;co_gestant;co_pais;co_stf_gp;co_tpo_gra;co_uf_ibge;ds_zona;nu_cns;nu_idade;nu_nis;nu_nis_rep;qt_ab_ect;qt_ab_ger;qt_ab_mol;qt_cons;qt_consult;qt_mor_aps;qt_mor_ps;qt_nsc_mor;qt_nsc_viv;qt_prt_cir;qt_prt_for;qt_prt_vag;st_aux_dsl;st_gra_ant;st_gra_pla
